uuid,full_name,owner,description,archived,fork,pushed_at,size,stargazers_count,open_issues_count,forks_count,subscribers_count,default_branch,last_synced_at,etag,topics,latest_commit_sha,homepage,language,has_issues,has_wiki,has_pages,mirror_url,source_name,license,status,scm,pull_requests_enabled,icon_url,created_at,updated_at,dependencies_parsed_at,dependency_job_id,html_url,commit_stats,previous_names,tags_count,template,template_full_name,repository_url,tags_url,releases_url,manifests_url,owner_url,download_url,metadata.files.readme,metadata.files.changelog,metadata.files.contributing,metadata.files.funding,metadata.files.license,metadata.files.code_of_conduct,metadata.files.threat_model,metadata.files.audit,metadata.files.citation,metadata.files.codeowners,metadata.files.security,metadata.files.support,metadata.files.governance
745888131,houstondatavis/data-jam-january-2024,houstondatavis,,False,False,2024-01-20T14:15:32.000Z,3045,0,0,0,3,main,2024-01-20T14:28:32.477Z,,[],,,JavaScript,True,,,,,,,git,True,https://github.com/houstondatavis.png,2024-01-20T13:02:25.000Z,2024-01-20T13:06:54.000Z,,,https://github.com/houstondatavis/data-jam-january-2024,,['houstondatavis/data-jam-january-2024'],,False,,https://repos.ecosyste.ms/api/v1/hosts/GitHub/repositories/houstondatavis%2Fdata-jam-january-2024,https://repos.ecosyste.ms/api/v1/hosts/GitHub/repositories/houstondatavis%2Fdata-jam-january-2024/tags,https://repos.ecosyste.ms/api/v1/hosts/GitHub/repositories/houstondatavis%2Fdata-jam-january-2024/releases,https://repos.ecosyste.ms/api/v1/hosts/GitHub/repositories/houstondatavis%2Fdata-jam-january-2024/manifests,https://repos.ecosyste.ms/api/v1/hosts/GitHub/owners/houstondatavis,https://codeload.github.com/houstondatavis/data-jam-january-2024/tar.gz/refs/heads/main,,,,,,,,,,,,,
704925614,houstondatavis/data-jam-october-2023,houstondatavis,,False,False,2023-11-11T17:01:09.000Z,636,0,0,1,4,main,2023-11-12T16:27:30.079Z,,[],,,,True,,,,,,,git,True,https://github.com/houstondatavis.png,2023-10-14T14:23:44.000Z,2023-11-12T16:27:30.080Z,,,https://github.com/houstondatavis/data-jam-october-2023,,['houstondatavis/data-jam-october-2023'],0.0,,,https://repos.ecosyste.ms/api/v1/hosts/GitHub/repositories/houstondatavis%2Fdata-jam-october-2023,https://repos.ecosyste.ms/api/v1/hosts/GitHub/repositories/houstondatavis%2Fdata-jam-october-2023/tags,https://repos.ecosyste.ms/api/v1/hosts/GitHub/repositories/houstondatavis%2Fdata-jam-october-2023/releases,https://repos.ecosyste.ms/api/v1/hosts/GitHub/repositories/houstondatavis%2Fdata-jam-october-2023/manifests,https://repos.ecosyste.ms/api/v1/hosts/GitHub/owners/houstondatavis,https://codeload.github.com/houstondatavis/data-jam-october-2023/tar.gz/refs/heads/main,,,,,,,,,,,,,
677463116,houstondatavis/data-jam-august-2023,houstondatavis,,False,False,2023-08-22T17:48:42.000Z,71749,0,0,1,4,main,2023-08-22T21:39:22.050Z,,[],,,,True,,,,,,,git,True,https://github.com/houstondatavis.png,2023-08-11T16:26:09.000Z,2023-08-11T16:26:09.000Z,,d2c9fee7-1e52-4e94-9cb7-07cb9577088b,https://github.com/houstondatavis/data-jam-august-2023,,['houstondatavis/data-jam-august-2023'],0.0,,,https://repos.ecosyste.ms/api/v1/hosts/GitHub/repositories/houstondatavis%2Fdata-jam-august-2023,https://repos.ecosyste.ms/api/v1/hosts/GitHub/repositories/houstondatavis%2Fdata-jam-august-2023/tags,https://repos.ecosyste.ms/api/v1/hosts/GitHub/repositories/houstondatavis%2Fdata-jam-august-2023/releases,https://repos.ecosyste.ms/api/v1/hosts/GitHub/repositories/houstondatavis%2Fdata-jam-august-2023/manifests,https://repos.ecosyste.ms/api/v1/hosts/GitHub/owners/houstondatavis,https://codeload.github.com/houstondatavis/data-jam-august-2023/tar.gz/refs/heads/main,README.md,,,,,,,,,,,,
64615505,houstondatavis/slack-export,houstondatavis,conversation and user data exported from houstondatavis.slack.com,False,False,2016-07-31T21:23:23.000Z,181,3,0,1,3,master,2023-03-02T07:17:06.049Z,,[],,,,True,,,,,,,git,True,https://github.com/houstondatavis.png,2016-07-31T21:16:02.000Z,2019-03-26T11:27:51.000Z,2023-03-10T07:00:26.674Z,,https://github.com/houstondatavis/slack-export,,[],,,,https://repos.ecosyste.ms/api/v1/hosts/GitHub/repositories/houstondatavis%2Fslack-export,https://repos.ecosyste.ms/api/v1/hosts/GitHub/repositories/houstondatavis%2Fslack-export/tags,https://repos.ecosyste.ms/api/v1/hosts/GitHub/repositories/houstondatavis%2Fslack-export/releases,https://repos.ecosyste.ms/api/v1/hosts/GitHub/repositories/houstondatavis%2Fslack-export/manifests,https://repos.ecosyste.ms/api/v1/hosts/GitHub/owners/houstondatavis,https://codeload.github.com/houstondatavis/slack-export/tar.gz/refs/heads/master,,,,,,,,,,,,,
146100698,houstondatavis/russian-troll-tweets,houstondatavis,,False,True,2018-08-26T18:54:26.000Z,229246,0,0,3,6,master,2023-03-02T07:17:05.774Z,,[],,,Jupyter Notebook,False,,,,fivethirtyeight/russian-troll-tweets,,,git,True,https://github.com/houstondatavis.png,2018-08-25T14:10:43.000Z,2018-08-26T18:54:26.000Z,,,https://github.com/houstondatavis/russian-troll-tweets,,[],,,,https://repos.ecosyste.ms/api/v1/hosts/GitHub/repositories/houstondatavis%2Frussian-troll-tweets,https://repos.ecosyste.ms/api/v1/hosts/GitHub/repositories/houstondatavis%2Frussian-troll-tweets/tags,https://repos.ecosyste.ms/api/v1/hosts/GitHub/repositories/houstondatavis%2Frussian-troll-tweets/releases,https://repos.ecosyste.ms/api/v1/hosts/GitHub/repositories/houstondatavis%2Frussian-troll-tweets/manifests,https://repos.ecosyste.ms/api/v1/hosts/GitHub/owners/houstondatavis,https://codeload.github.com/houstondatavis/russian-troll-tweets/tar.gz/refs/heads/master,,,,,,,,,,,,,
102213784,houstondatavis/muck,houstondatavis,,False,True,2017-09-01T17:53:49.000Z,991,0,0,0,5,master,2023-03-02T07:17:05.449Z,,[],,,HTML,False,,,,sketch-city/muck,,,git,True,https://github.com/houstondatavis.png,2017-09-02T17:51:26.000Z,2017-09-02T17:51:28.000Z,,,https://github.com/houstondatavis/muck,,[],,,,https://repos.ecosyste.ms/api/v1/hosts/GitHub/repositories/houstondatavis%2Fmuck,https://repos.ecosyste.ms/api/v1/hosts/GitHub/repositories/houstondatavis%2Fmuck/tags,https://repos.ecosyste.ms/api/v1/hosts/GitHub/repositories/houstondatavis%2Fmuck/releases,https://repos.ecosyste.ms/api/v1/hosts/GitHub/repositories/houstondatavis%2Fmuck/manifests,https://repos.ecosyste.ms/api/v1/hosts/GitHub/owners/houstondatavis,https://codeload.github.com/houstondatavis/muck/tar.gz/refs/heads/master,,,,,,,,,,,,,
64237843,houstondatavis/houstondatavis-july2016,houstondatavis,Demo scripts from my talk on graph-based machine learning.,False,True,2016-07-12T18:27:21.000Z,6,0,0,0,3,master,2023-03-02T07:17:04.284Z,,[],,,Python,False,,,,perimosocordiae/houstondatavis-july2016,mit,,git,True,https://github.com/houstondatavis.png,2016-07-26T16:40:20.000Z,2016-07-26T16:40:21.000Z,,,https://github.com/houstondatavis/houstondatavis-july2016,,[],,,,https://repos.ecosyste.ms/api/v1/hosts/GitHub/repositories/houstondatavis%2Fhoustondatavis-july2016,https://repos.ecosyste.ms/api/v1/hosts/GitHub/repositories/houstondatavis%2Fhoustondatavis-july2016/tags,https://repos.ecosyste.ms/api/v1/hosts/GitHub/repositories/houstondatavis%2Fhoustondatavis-july2016/releases,https://repos.ecosyste.ms/api/v1/hosts/GitHub/repositories/houstondatavis%2Fhoustondatavis-july2016/manifests,https://repos.ecosyste.ms/api/v1/hosts/GitHub/owners/houstondatavis,https://codeload.github.com/houstondatavis/houstondatavis-july2016/tar.gz/refs/heads/master,,,,,,,,,,,,,
44337812,houstondatavis/meetup-october-2015,houstondatavis,,False,False,2015-10-15T19:38:31.000Z,15120,1,0,0,2,master,2023-03-02T07:17:03.654Z,,[],,,,True,,,,,,,git,True,https://github.com/houstondatavis.png,2015-10-15T18:39:52.000Z,2023-03-06T10:02:07.440Z,2023-03-06T10:02:04.046Z,,https://github.com/houstondatavis/meetup-october-2015,,[],,,,https://repos.ecosyste.ms/api/v1/hosts/GitHub/repositories/houstondatavis%2Fmeetup-october-2015,https://repos.ecosyste.ms/api/v1/hosts/GitHub/repositories/houstondatavis%2Fmeetup-october-2015/tags,https://repos.ecosyste.ms/api/v1/hosts/GitHub/repositories/houstondatavis%2Fmeetup-october-2015/releases,https://repos.ecosyste.ms/api/v1/hosts/GitHub/repositories/houstondatavis%2Fmeetup-october-2015/manifests,https://repos.ecosyste.ms/api/v1/hosts/GitHub/owners/houstondatavis,https://codeload.github.com/houstondatavis/meetup-october-2015/tar.gz/refs/heads/master,README.md,,,,,,,,,,,,
96950083,houstondatavis/intro-to-classifiers,houstondatavis,,False,False,2017-07-12T00:58:02.000Z,1,1,0,3,4,master,2023-03-02T07:17:03.397Z,,[],,,,True,,,,,,,git,True,https://github.com/houstondatavis.png,2017-07-12T00:57:27.000Z,2017-07-12T01:03:32.000Z,2023-03-10T07:00:24.462Z,,https://github.com/houstondatavis/intro-to-classifiers,,[],,,,https://repos.ecosyste.ms/api/v1/hosts/GitHub/repositories/houstondatavis%2Fintro-to-classifiers,https://repos.ecosyste.ms/api/v1/hosts/GitHub/repositories/houstondatavis%2Fintro-to-classifiers/tags,https://repos.ecosyste.ms/api/v1/hosts/GitHub/repositories/houstondatavis%2Fintro-to-classifiers/releases,https://repos.ecosyste.ms/api/v1/hosts/GitHub/repositories/houstondatavis%2Fintro-to-classifiers/manifests,https://repos.ecosyste.ms/api/v1/hosts/GitHub/owners/houstondatavis,https://codeload.github.com/houstondatavis/intro-to-classifiers/tar.gz/refs/heads/master,,,,,,,,,,,,,
105960557,houstondatavis/houstondatavis.github.io,houstondatavis,front page for houston data visualization,False,False,2017-10-06T04:30:33.000Z,23408,0,2,0,5,master,2023-03-02T07:17:02.893Z,,[],,https://houstondatavis.github.io/,HTML,True,,,,,mit,,git,True,https://github.com/houstondatavis.png,2017-10-06T02:29:29.000Z,2017-10-06T03:46:19.000Z,2023-03-10T07:00:23.710Z,,https://github.com/houstondatavis/houstondatavis.github.io,,[],,,,https://repos.ecosyste.ms/api/v1/hosts/GitHub/repositories/houstondatavis%2Fhoustondatavis.github.io,https://repos.ecosyste.ms/api/v1/hosts/GitHub/repositories/houstondatavis%2Fhoustondatavis.github.io/tags,https://repos.ecosyste.ms/api/v1/hosts/GitHub/repositories/houstondatavis%2Fhoustondatavis.github.io/releases,https://repos.ecosyste.ms/api/v1/hosts/GitHub/repositories/houstondatavis%2Fhoustondatavis.github.io/manifests,https://repos.ecosyste.ms/api/v1/hosts/GitHub/owners/houstondatavis,https://codeload.github.com/houstondatavis/houstondatavis.github.io/tar.gz/refs/heads/master,,,,,,,,,,,,,
112267263,houstondatavis/houdatavis-thanksgiving-2017,houstondatavis,,False,False,2017-11-28T01:28:09.000Z,615,0,0,0,4,master,2023-03-02T07:17:01.459Z,,[],,,HTML,True,,,,,,,git,True,https://github.com/houstondatavis.png,2017-11-28T01:00:52.000Z,2017-11-28T01:28:10.000Z,2023-03-04T02:45:56.720Z,,https://github.com/houstondatavis/houdatavis-thanksgiving-2017,,[],,,,https://repos.ecosyste.ms/api/v1/hosts/GitHub/repositories/houstondatavis%2Fhoudatavis-thanksgiving-2017,https://repos.ecosyste.ms/api/v1/hosts/GitHub/repositories/houstondatavis%2Fhoudatavis-thanksgiving-2017/tags,https://repos.ecosyste.ms/api/v1/hosts/GitHub/repositories/houstondatavis%2Fhoudatavis-thanksgiving-2017/releases,https://repos.ecosyste.ms/api/v1/hosts/GitHub/repositories/houstondatavis%2Fhoudatavis-thanksgiving-2017/manifests,https://repos.ecosyste.ms/api/v1/hosts/GitHub/owners/houstondatavis,https://codeload.github.com/houstondatavis/houdatavis-thanksgiving-2017/tar.gz/refs/heads/master,,,,,,,,,,,,,
66250012,houstondatavis/data-jams,houstondatavis,static site for showcasing data jam projects,False,False,2020-01-02T05:18:03.000Z,934,0,0,1,3,master,2023-03-02T07:17:00.796Z,,[],,https://houstondatavis.github.io/data-jams/,JavaScript,True,,,,,,,git,True,https://github.com/houstondatavis.png,2016-08-22T07:35:41.000Z,2020-01-02T05:17:00.000Z,2023-05-25T04:15:51.161Z,,https://github.com/houstondatavis/data-jams,,[],,,,https://repos.ecosyste.ms/api/v1/hosts/GitHub/repositories/houstondatavis%2Fdata-jams,https://repos.ecosyste.ms/api/v1/hosts/GitHub/repositories/houstondatavis%2Fdata-jams/tags,https://repos.ecosyste.ms/api/v1/hosts/GitHub/repositories/houstondatavis%2Fdata-jams/releases,https://repos.ecosyste.ms/api/v1/hosts/GitHub/repositories/houstondatavis%2Fdata-jams/manifests,https://repos.ecosyste.ms/api/v1/hosts/GitHub/owners/houstondatavis,https://codeload.github.com/houstondatavis/data-jams/tar.gz/refs/heads/master,,,,,,,,,,,,,
107751144,houstondatavis/data-jam-october-2017,houstondatavis,,False,False,2017-10-21T18:41:09.000Z,3603,0,1,0,5,master,2023-03-02T07:17:00.264Z,,[],,,Jupyter Notebook,True,,,,,,,git,True,https://github.com/houstondatavis.png,2017-10-21T04:23:47.000Z,2017-10-21T17:53:40.000Z,2023-05-18T22:46:38.978Z,,https://github.com/houstondatavis/data-jam-october-2017,,[],,,,https://repos.ecosyste.ms/api/v1/hosts/GitHub/repositories/houstondatavis%2Fdata-jam-october-2017,https://repos.ecosyste.ms/api/v1/hosts/GitHub/repositories/houstondatavis%2Fdata-jam-october-2017/tags,https://repos.ecosyste.ms/api/v1/hosts/GitHub/repositories/houstondatavis%2Fdata-jam-october-2017/releases,https://repos.ecosyste.ms/api/v1/hosts/GitHub/repositories/houstondatavis%2Fdata-jam-october-2017/manifests,https://repos.ecosyste.ms/api/v1/hosts/GitHub/owners/houstondatavis,https://codeload.github.com/houstondatavis/data-jam-october-2017/tar.gz/refs/heads/master,,,,,,,,,,,,,
72287559,houstondatavis/data-jam-october-2016,houstondatavis,,False,False,2016-10-29T16:09:49.000Z,10463,1,0,3,3,master,2023-03-02T07:16:58.614Z,,[],,,,True,,,,,,,git,True,https://github.com/houstondatavis.png,2016-10-29T13:50:03.000Z,2017-01-17T23:41:02.000Z,2023-03-10T07:00:12.036Z,,https://github.com/houstondatavis/data-jam-october-2016,,[],,,,https://repos.ecosyste.ms/api/v1/hosts/GitHub/repositories/houstondatavis%2Fdata-jam-october-2016,https://repos.ecosyste.ms/api/v1/hosts/GitHub/repositories/houstondatavis%2Fdata-jam-october-2016/tags,https://repos.ecosyste.ms/api/v1/hosts/GitHub/repositories/houstondatavis%2Fdata-jam-october-2016/releases,https://repos.ecosyste.ms/api/v1/hosts/GitHub/repositories/houstondatavis%2Fdata-jam-october-2016/manifests,https://repos.ecosyste.ms/api/v1/hosts/GitHub/owners/houstondatavis,https://codeload.github.com/houstondatavis/data-jam-october-2016/tar.gz/refs/heads/master,,,,,,,,,,,,,
44337699,houstondatavis/data-jam-october-2015,houstondatavis,,False,False,2015-11-06T17:39:56.000Z,8819,2,0,5,4,master,2023-03-02T07:16:58.449Z,,[],,,HTML,True,,,,,,,git,True,https://github.com/houstondatavis.png,2015-10-15T18:37:53.000Z,2023-03-08T11:21:55.426Z,2023-03-08T11:21:52.065Z,,https://github.com/houstondatavis/data-jam-october-2015,,[],,,,https://repos.ecosyste.ms/api/v1/hosts/GitHub/repositories/houstondatavis%2Fdata-jam-october-2015,https://repos.ecosyste.ms/api/v1/hosts/GitHub/repositories/houstondatavis%2Fdata-jam-october-2015/tags,https://repos.ecosyste.ms/api/v1/hosts/GitHub/repositories/houstondatavis%2Fdata-jam-october-2015/releases,https://repos.ecosyste.ms/api/v1/hosts/GitHub/repositories/houstondatavis%2Fdata-jam-october-2015/manifests,https://repos.ecosyste.ms/api/v1/hosts/GitHub/owners/houstondatavis,https://codeload.github.com/houstondatavis/data-jam-october-2015/tar.gz/refs/heads/master,README.md,,,,,,,,,,,,
223601078,houstondatavis/data-jam-november-2019,houstondatavis,,False,False,2020-01-27T04:27:42.000Z,42302,0,0,1,5,master,2023-03-02T07:16:55.034Z,,[],,,Jupyter Notebook,True,,,,,,,git,True,https://github.com/houstondatavis.png,2019-11-23T14:22:06.000Z,2020-01-27T04:27:44.000Z,2023-06-26T07:16:21.405Z,,https://github.com/houstondatavis/data-jam-november-2019,,[],,,,https://repos.ecosyste.ms/api/v1/hosts/GitHub/repositories/houstondatavis%2Fdata-jam-november-2019,https://repos.ecosyste.ms/api/v1/hosts/GitHub/repositories/houstondatavis%2Fdata-jam-november-2019/tags,https://repos.ecosyste.ms/api/v1/hosts/GitHub/repositories/houstondatavis%2Fdata-jam-november-2019/releases,https://repos.ecosyste.ms/api/v1/hosts/GitHub/repositories/houstondatavis%2Fdata-jam-november-2019/manifests,https://repos.ecosyste.ms/api/v1/hosts/GitHub/owners/houstondatavis,https://codeload.github.com/houstondatavis/data-jam-november-2019/tar.gz/refs/heads/master,,,,,,,,,,,,,
95273491,houstondatavis/data-jam-june-2017,houstondatavis,The Stanford Open Policing Project - https://openpolicing.stanford.edu,False,True,2017-06-24T15:14:56.000Z,55727,3,0,0,5,master,2023-03-02T07:16:54.843Z,,[],,,,False,,,,5harad/openpolicing,,,git,True,https://github.com/houstondatavis.png,2017-06-24T03:33:36.000Z,2017-06-24T19:06:31.000Z,,,https://github.com/houstondatavis/data-jam-june-2017,,[],,,,https://repos.ecosyste.ms/api/v1/hosts/GitHub/repositories/houstondatavis%2Fdata-jam-june-2017,https://repos.ecosyste.ms/api/v1/hosts/GitHub/repositories/houstondatavis%2Fdata-jam-june-2017/tags,https://repos.ecosyste.ms/api/v1/hosts/GitHub/repositories/houstondatavis%2Fdata-jam-june-2017/releases,https://repos.ecosyste.ms/api/v1/hosts/GitHub/repositories/houstondatavis%2Fdata-jam-june-2017/manifests,https://repos.ecosyste.ms/api/v1/hosts/GitHub/owners/houstondatavis,https://codeload.github.com/houstondatavis/data-jam-june-2017/tar.gz/refs/heads/master,,,,,,,,,,,,,
136780807,houstondatavis/data-jam-June-2018,houstondatavis,data for a Houston Data Visualization Meet-up data jam,False,False,2018-06-17T03:27:03.000Z,132664,4,0,0,4,master,2023-03-02T07:16:54.687Z,,[],,,Jupyter Notebook,True,,,,,,,git,True,https://github.com/houstondatavis.png,2018-06-10T05:06:21.000Z,2018-08-23T16:24:53.000Z,2023-03-10T07:00:18.332Z,,https://github.com/houstondatavis/data-jam-June-2018,,[],,,,https://repos.ecosyste.ms/api/v1/hosts/GitHub/repositories/houstondatavis%2Fdata-jam-June-2018,https://repos.ecosyste.ms/api/v1/hosts/GitHub/repositories/houstondatavis%2Fdata-jam-June-2018/tags,https://repos.ecosyste.ms/api/v1/hosts/GitHub/repositories/houstondatavis%2Fdata-jam-June-2018/releases,https://repos.ecosyste.ms/api/v1/hosts/GitHub/repositories/houstondatavis%2Fdata-jam-June-2018/manifests,https://repos.ecosyste.ms/api/v1/hosts/GitHub/owners/houstondatavis,https://codeload.github.com/houstondatavis/data-jam-June-2018/tar.gz/refs/heads/master,,,,,,,,,,,,,
61888647,houstondatavis/data-jam-june-2016,houstondatavis,,False,False,2016-06-25T17:47:15.000Z,237,1,0,2,3,master,2023-03-02T07:16:54.399Z,,[],,,HTML,True,,,,,,,git,True,https://github.com/houstondatavis.png,2016-06-24T14:07:26.000Z,2016-06-25T18:10:05.000Z,2023-03-10T07:00:18.478Z,,https://github.com/houstondatavis/data-jam-june-2016,,[],,,,https://repos.ecosyste.ms/api/v1/hosts/GitHub/repositories/houstondatavis%2Fdata-jam-june-2016,https://repos.ecosyste.ms/api/v1/hosts/GitHub/repositories/houstondatavis%2Fdata-jam-june-2016/tags,https://repos.ecosyste.ms/api/v1/hosts/GitHub/repositories/houstondatavis%2Fdata-jam-june-2016/releases,https://repos.ecosyste.ms/api/v1/hosts/GitHub/repositories/houstondatavis%2Fdata-jam-june-2016/manifests,https://repos.ecosyste.ms/api/v1/hosts/GitHub/owners/houstondatavis,https://codeload.github.com/houstondatavis/data-jam-june-2016/tar.gz/refs/heads/master,,,,,,,,,,,,,
36968311,houstondatavis/data-jam-june-2015,houstondatavis,,False,False,2015-06-07T18:58:58.000Z,7658,2,0,6,3,master,2023-03-02T07:16:54.193Z,,[],,http://www.meetup.com/Houston-Data-Visualization-Meetup/events/222584305/,,True,,,,,,,git,True,https://github.com/houstondatavis.png,2015-06-06T05:12:28.000Z,2015-06-06T19:06:21.000Z,2022-09-15T10:51:39.901Z,,https://github.com/houstondatavis/data-jam-june-2015,,[],,,,https://repos.ecosyste.ms/api/v1/hosts/GitHub/repositories/houstondatavis%2Fdata-jam-june-2015,https://repos.ecosyste.ms/api/v1/hosts/GitHub/repositories/houstondatavis%2Fdata-jam-june-2015/tags,https://repos.ecosyste.ms/api/v1/hosts/GitHub/repositories/houstondatavis%2Fdata-jam-june-2015/releases,https://repos.ecosyste.ms/api/v1/hosts/GitHub/repositories/houstondatavis%2Fdata-jam-june-2015/manifests,https://repos.ecosyste.ms/api/v1/hosts/GitHub/owners/houstondatavis,https://codeload.github.com/houstondatavis/data-jam-june-2015/tar.gz/refs/heads/master,README.md,,,,,,,,,,,,
196405304,houstondatavis/data-jam-July-2019,houstondatavis,dataset for july 2019 data jam on a dataset of open-source projects from federal government agencies,False,False,2019-07-22T20:52:57.000Z,7902,0,0,2,2,master,2023-03-02T07:16:53.753Z,,[],,,Jupyter Notebook,True,,,,,apache-2.0,,git,True,https://github.com/houstondatavis.png,2019-07-11T13:58:04.000Z,2019-07-22T20:52:59.000Z,,,https://github.com/houstondatavis/data-jam-July-2019,,[],,,,https://repos.ecosyste.ms/api/v1/hosts/GitHub/repositories/houstondatavis%2Fdata-jam-July-2019,https://repos.ecosyste.ms/api/v1/hosts/GitHub/repositories/houstondatavis%2Fdata-jam-July-2019/tags,https://repos.ecosyste.ms/api/v1/hosts/GitHub/repositories/houstondatavis%2Fdata-jam-July-2019/releases,https://repos.ecosyste.ms/api/v1/hosts/GitHub/repositories/houstondatavis%2Fdata-jam-July-2019/manifests,https://repos.ecosyste.ms/api/v1/hosts/GitHub/owners/houstondatavis,https://codeload.github.com/houstondatavis/data-jam-July-2019/tar.gz/refs/heads/master,,,,,,,,,,,,,
98039717,houstondatavis/data-jam-July-2017,houstondatavis,Mars ChemCam Data Exploration,False,False,2017-07-22T16:18:44.000Z,517,2,0,2,5,master,2023-03-02T07:16:53.455Z,,[],,,,True,,,,,,,git,True,https://github.com/houstondatavis.png,2017-07-22T15:21:33.000Z,2021-11-02T01:51:36.000Z,2023-03-10T07:00:18.874Z,,https://github.com/houstondatavis/data-jam-July-2017,,[],,,,https://repos.ecosyste.ms/api/v1/hosts/GitHub/repositories/houstondatavis%2Fdata-jam-July-2017,https://repos.ecosyste.ms/api/v1/hosts/GitHub/repositories/houstondatavis%2Fdata-jam-July-2017/tags,https://repos.ecosyste.ms/api/v1/hosts/GitHub/repositories/houstondatavis%2Fdata-jam-July-2017/releases,https://repos.ecosyste.ms/api/v1/hosts/GitHub/repositories/houstondatavis%2Fdata-jam-July-2017/manifests,https://repos.ecosyste.ms/api/v1/hosts/GitHub/owners/houstondatavis,https://codeload.github.com/houstondatavis/data-jam-July-2017/tar.gz/refs/heads/master,,,,,,,,,,,,,
118214940,houstondatavis/data-jam-january-2018,houstondatavis,first data jam of 2018!,False,False,2018-01-20T20:22:02.000Z,3676,0,0,2,4,master,2023-03-02T07:16:53.175Z,,[],,,Jupyter Notebook,True,,,,,,,git,True,https://github.com/houstondatavis.png,2018-01-20T06:13:29.000Z,2018-01-20T20:10:08.000Z,2023-03-10T07:00:19.339Z,,https://github.com/houstondatavis/data-jam-january-2018,,[],,,,https://repos.ecosyste.ms/api/v1/hosts/GitHub/repositories/houstondatavis%2Fdata-jam-january-2018,https://repos.ecosyste.ms/api/v1/hosts/GitHub/repositories/houstondatavis%2Fdata-jam-january-2018/tags,https://repos.ecosyste.ms/api/v1/hosts/GitHub/repositories/houstondatavis%2Fdata-jam-january-2018/releases,https://repos.ecosyste.ms/api/v1/hosts/GitHub/repositories/houstondatavis%2Fdata-jam-january-2018/manifests,https://repos.ecosyste.ms/api/v1/hosts/GitHub/owners/houstondatavis,https://codeload.github.com/houstondatavis/data-jam-january-2018/tar.gz/refs/heads/master,,,,,,,,,,,,,
171343534,houstondatavis/data-jam-february-2019,houstondatavis,Cleveland Museum of Art API,False,False,2019-02-24T04:20:32.000Z,3605,1,0,1,5,master,2023-03-02T07:16:52.749Z,,[],,,Jupyter Notebook,True,,,,,mit,,git,True,https://github.com/houstondatavis.png,2019-02-18T19:29:46.000Z,2019-02-25T02:29:04.000Z,2023-03-04T02:45:59.912Z,,https://github.com/houstondatavis/data-jam-february-2019,,[],,,,https://repos.ecosyste.ms/api/v1/hosts/GitHub/repositories/houstondatavis%2Fdata-jam-february-2019,https://repos.ecosyste.ms/api/v1/hosts/GitHub/repositories/houstondatavis%2Fdata-jam-february-2019/tags,https://repos.ecosyste.ms/api/v1/hosts/GitHub/repositories/houstondatavis%2Fdata-jam-february-2019/releases,https://repos.ecosyste.ms/api/v1/hosts/GitHub/repositories/houstondatavis%2Fdata-jam-february-2019/manifests,https://repos.ecosyste.ms/api/v1/hosts/GitHub/owners/houstondatavis,https://codeload.github.com/houstondatavis/data-jam-february-2019/tar.gz/refs/heads/master,,,,,,,,,,,,,
121863232,houstondatavis/data-jam-february-2018,houstondatavis,,False,False,2018-02-18T02:03:39.000Z,3165,0,0,0,5,master,2023-03-02T07:16:52.727Z,,[],,,PLpgSQL,True,,,,,,,git,True,https://github.com/houstondatavis.png,2018-02-17T14:47:00.000Z,2018-02-17T17:48:05.000Z,2023-03-10T07:00:16.832Z,,https://github.com/houstondatavis/data-jam-february-2018,,[],,,,https://repos.ecosyste.ms/api/v1/hosts/GitHub/repositories/houstondatavis%2Fdata-jam-february-2018,https://repos.ecosyste.ms/api/v1/hosts/GitHub/repositories/houstondatavis%2Fdata-jam-february-2018/tags,https://repos.ecosyste.ms/api/v1/hosts/GitHub/repositories/houstondatavis%2Fdata-jam-february-2018/releases,https://repos.ecosyste.ms/api/v1/hosts/GitHub/repositories/houstondatavis%2Fdata-jam-february-2018/manifests,https://repos.ecosyste.ms/api/v1/hosts/GitHub/owners/houstondatavis,https://codeload.github.com/houstondatavis/data-jam-february-2018/tar.gz/refs/heads/master,,,,,,,,,,,,,
83117170,houstondatavis/data-jam-february-2017,houstondatavis,,False,False,2018-01-07T23:48:52.000Z,954,0,1,3,3,master,2023-03-02T07:16:52.435Z,,[],,,,True,,,,,,,git,True,https://github.com/houstondatavis.png,2017-02-25T08:13:55.000Z,2017-02-25T08:13:55.000Z,2023-03-10T07:00:17.421Z,,https://github.com/houstondatavis/data-jam-february-2017,,[],,,,https://repos.ecosyste.ms/api/v1/hosts/GitHub/repositories/houstondatavis%2Fdata-jam-february-2017,https://repos.ecosyste.ms/api/v1/hosts/GitHub/repositories/houstondatavis%2Fdata-jam-february-2017/tags,https://repos.ecosyste.ms/api/v1/hosts/GitHub/repositories/houstondatavis%2Fdata-jam-february-2017/releases,https://repos.ecosyste.ms/api/v1/hosts/GitHub/repositories/houstondatavis%2Fdata-jam-february-2017/manifests,https://repos.ecosyste.ms/api/v1/hosts/GitHub/owners/houstondatavis,https://codeload.github.com/houstondatavis/data-jam-february-2017/tar.gz/refs/heads/master,,,,,,,,,,,,,
228038724,houstondatavis/data-jam-december-2019,houstondatavis,,False,False,2020-01-29T05:10:23.000Z,27748,0,0,4,6,master,2023-03-02T07:16:51.118Z,,[],,,Jupyter Notebook,True,,,,,,,git,True,https://github.com/houstondatavis.png,2019-12-14T14:44:20.000Z,2020-01-29T05:10:25.000Z,2023-03-04T02:46:00.517Z,,https://github.com/houstondatavis/data-jam-december-2019,,[],,,,https://repos.ecosyste.ms/api/v1/hosts/GitHub/repositories/houstondatavis%2Fdata-jam-december-2019,https://repos.ecosyste.ms/api/v1/hosts/GitHub/repositories/houstondatavis%2Fdata-jam-december-2019/tags,https://repos.ecosyste.ms/api/v1/hosts/GitHub/repositories/houstondatavis%2Fdata-jam-december-2019/releases,https://repos.ecosyste.ms/api/v1/hosts/GitHub/repositories/houstondatavis%2Fdata-jam-december-2019/manifests,https://repos.ecosyste.ms/api/v1/hosts/GitHub/owners/houstondatavis,https://codeload.github.com/houstondatavis/data-jam-december-2019/tar.gz/refs/heads/master,,,,,,,,,,,,,
238947506,houstondatavis/data-jam-feb-march-2020,houstondatavis,,False,False,2020-02-08T18:51:13.000Z,5930,0,0,1,5,master,2023-03-02T07:16:50.974Z,,[],,,Python,True,,,,,,,git,True,https://github.com/houstondatavis.png,2020-02-07T14:42:40.000Z,2020-03-05T20:07:40.000Z,2023-03-04T02:46:02.964Z,,https://github.com/houstondatavis/data-jam-feb-march-2020,,[],,,,https://repos.ecosyste.ms/api/v1/hosts/GitHub/repositories/houstondatavis%2Fdata-jam-feb-march-2020,https://repos.ecosyste.ms/api/v1/hosts/GitHub/repositories/houstondatavis%2Fdata-jam-feb-march-2020/tags,https://repos.ecosyste.ms/api/v1/hosts/GitHub/repositories/houstondatavis%2Fdata-jam-feb-march-2020/releases,https://repos.ecosyste.ms/api/v1/hosts/GitHub/repositories/houstondatavis%2Fdata-jam-feb-march-2020/manifests,https://repos.ecosyste.ms/api/v1/hosts/GitHub/owners/houstondatavis,https://codeload.github.com/houstondatavis/data-jam-feb-march-2020/tar.gz/refs/heads/master,,,,,,,,,,,,,
51636512,houstondatavis/data-jam-february-2016,houstondatavis,,False,False,2016-03-14T00:24:18.000Z,139406,1,0,6,4,master,2023-03-02T07:16:50.874Z,,[],,,Jupyter Notebook,True,,,,,,,git,True,https://github.com/houstondatavis.png,2016-02-13T07:20:37.000Z,2020-07-15T14:42:49.000Z,2023-03-10T07:00:16.883Z,,https://github.com/houstondatavis/data-jam-february-2016,,[],,,,https://repos.ecosyste.ms/api/v1/hosts/GitHub/repositories/houstondatavis%2Fdata-jam-february-2016,https://repos.ecosyste.ms/api/v1/hosts/GitHub/repositories/houstondatavis%2Fdata-jam-february-2016/tags,https://repos.ecosyste.ms/api/v1/hosts/GitHub/repositories/houstondatavis%2Fdata-jam-february-2016/releases,https://repos.ecosyste.ms/api/v1/hosts/GitHub/repositories/houstondatavis%2Fdata-jam-february-2016/manifests,https://repos.ecosyste.ms/api/v1/hosts/GitHub/owners/houstondatavis,https://codeload.github.com/houstondatavis/data-jam-february-2016/tar.gz/refs/heads/master,,,,,,,,,,,,,
75451555,houstondatavis/data-jam-december-2016,houstondatavis,,False,False,2016-12-04T15:57:29.000Z,1877,1,1,4,3,master,2023-03-02T07:16:50.590Z,,[],,,,True,,,,,,,git,True,https://github.com/houstondatavis.png,2016-12-03T04:27:30.000Z,2016-12-11T14:12:35.000Z,2023-03-10T07:00:16.374Z,,https://github.com/houstondatavis/data-jam-december-2016,,[],,,,https://repos.ecosyste.ms/api/v1/hosts/GitHub/repositories/houstondatavis%2Fdata-jam-december-2016,https://repos.ecosyste.ms/api/v1/hosts/GitHub/repositories/houstondatavis%2Fdata-jam-december-2016/tags,https://repos.ecosyste.ms/api/v1/hosts/GitHub/repositories/houstondatavis%2Fdata-jam-december-2016/releases,https://repos.ecosyste.ms/api/v1/hosts/GitHub/repositories/houstondatavis%2Fdata-jam-december-2016/manifests,https://repos.ecosyste.ms/api/v1/hosts/GitHub/owners/houstondatavis,https://codeload.github.com/houstondatavis/data-jam-december-2016/tar.gz/refs/heads/master,,,,,,,,,,,,,
100801453,houstondatavis/data-jam-august-2017,houstondatavis,,False,False,2017-08-19T15:20:15.000Z,28635,0,0,0,5,master,2023-03-02T07:16:50.233Z,,[],,,R,True,,,,,,,git,True,https://github.com/houstondatavis.png,2017-08-19T14:56:41.000Z,2017-08-19T15:20:19.000Z,2023-03-10T07:00:16.410Z,,https://github.com/houstondatavis/data-jam-august-2017,,[],,,,https://repos.ecosyste.ms/api/v1/hosts/GitHub/repositories/houstondatavis%2Fdata-jam-august-2017,https://repos.ecosyste.ms/api/v1/hosts/GitHub/repositories/houstondatavis%2Fdata-jam-august-2017/tags,https://repos.ecosyste.ms/api/v1/hosts/GitHub/repositories/houstondatavis%2Fdata-jam-august-2017/releases,https://repos.ecosyste.ms/api/v1/hosts/GitHub/repositories/houstondatavis%2Fdata-jam-august-2017/manifests,https://repos.ecosyste.ms/api/v1/hosts/GitHub/owners/houstondatavis,https://codeload.github.com/houstondatavis/data-jam-august-2017/tar.gz/refs/heads/master,,,,,,,,,,,,,
65678602,houstondatavis/data-jam-august-2016,houstondatavis,,False,False,2016-08-27T06:33:50.000Z,19675,0,0,2,3,master,2023-03-02T07:16:49.947Z,,[],,,HTML,True,,,,,,,git,True,https://github.com/houstondatavis.png,2016-08-14T17:39:38.000Z,2016-08-25T04:52:04.000Z,2023-03-04T02:45:58.522Z,,https://github.com/houstondatavis/data-jam-august-2016,,[],,,,https://repos.ecosyste.ms/api/v1/hosts/GitHub/repositories/houstondatavis%2Fdata-jam-august-2016,https://repos.ecosyste.ms/api/v1/hosts/GitHub/repositories/houstondatavis%2Fdata-jam-august-2016/tags,https://repos.ecosyste.ms/api/v1/hosts/GitHub/repositories/houstondatavis%2Fdata-jam-august-2016/releases,https://repos.ecosyste.ms/api/v1/hosts/GitHub/repositories/houstondatavis%2Fdata-jam-august-2016/manifests,https://repos.ecosyste.ms/api/v1/hosts/GitHub/owners/houstondatavis,https://codeload.github.com/houstondatavis/data-jam-august-2016/tar.gz/refs/heads/master,,,,,,,,,,,,,
40393644,houstondatavis/data-jam-august-2015,houstondatavis,http://www.meetup.com/Houston-Data-Visualization-Meetup/events/224341959/,False,False,2015-08-13T15:45:27.000Z,584,3,0,2,3,master,2023-03-02T07:16:49.660Z,,[],,,HTML,True,,,,,,,git,True,https://github.com/houstondatavis.png,2015-08-08T06:18:51.000Z,2015-08-13T15:42:39.000Z,2022-09-09T15:51:38.408Z,,https://github.com/houstondatavis/data-jam-august-2015,,[],,,,https://repos.ecosyste.ms/api/v1/hosts/GitHub/repositories/houstondatavis%2Fdata-jam-august-2015,https://repos.ecosyste.ms/api/v1/hosts/GitHub/repositories/houstondatavis%2Fdata-jam-august-2015/tags,https://repos.ecosyste.ms/api/v1/hosts/GitHub/repositories/houstondatavis%2Fdata-jam-august-2015/releases,https://repos.ecosyste.ms/api/v1/hosts/GitHub/repositories/houstondatavis%2Fdata-jam-august-2015/manifests,https://repos.ecosyste.ms/api/v1/hosts/GitHub/owners/houstondatavis,https://codeload.github.com/houstondatavis/data-jam-august-2015/tar.gz/refs/heads/master,README.md,,,,,,,,,,,,
56743061,houstondatavis/data-jam-april-2016,houstondatavis,,False,False,2016-05-09T22:33:00.000Z,64609,1,0,2,2,master,2023-03-02T07:16:49.103Z,,[],,,R,True,,,,,,,git,True,https://github.com/houstondatavis.png,2016-04-21T04:43:08.000Z,2017-03-03T20:31:37.000Z,2023-03-10T01:15:31.957Z,,https://github.com/houstondatavis/data-jam-april-2016,,[],,,,https://repos.ecosyste.ms/api/v1/hosts/GitHub/repositories/houstondatavis%2Fdata-jam-april-2016,https://repos.ecosyste.ms/api/v1/hosts/GitHub/repositories/houstondatavis%2Fdata-jam-april-2016/tags,https://repos.ecosyste.ms/api/v1/hosts/GitHub/repositories/houstondatavis%2Fdata-jam-april-2016/releases,https://repos.ecosyste.ms/api/v1/hosts/GitHub/repositories/houstondatavis%2Fdata-jam-april-2016/manifests,https://repos.ecosyste.ms/api/v1/hosts/GitHub/owners/houstondatavis,https://codeload.github.com/houstondatavis/data-jam-april-2016/tar.gz/refs/heads/master,,,,,,,,,,,,,
72599869,houstondatavis/code_of_conduct,houstondatavis,,False,False,2016-11-02T17:10:15.000Z,5,0,0,1,3,master,2023-03-02T07:16:47.943Z,,[],,,,True,,,,,,,git,True,https://github.com/houstondatavis.png,2016-11-02T03:17:41.000Z,2016-11-02T03:17:41.000Z,2023-03-04T02:45:57.319Z,,https://github.com/houstondatavis/code_of_conduct,,[],,,,https://repos.ecosyste.ms/api/v1/hosts/GitHub/repositories/houstondatavis%2Fcode_of_conduct,https://repos.ecosyste.ms/api/v1/hosts/GitHub/repositories/houstondatavis%2Fcode_of_conduct/tags,https://repos.ecosyste.ms/api/v1/hosts/GitHub/repositories/houstondatavis%2Fcode_of_conduct/releases,https://repos.ecosyste.ms/api/v1/hosts/GitHub/repositories/houstondatavis%2Fcode_of_conduct/manifests,https://repos.ecosyste.ms/api/v1/hosts/GitHub/owners/houstondatavis,https://codeload.github.com/houstondatavis/code_of_conduct/tar.gz/refs/heads/master,,,,,,,,,,,,,
185247414,houstondatavis/awesome-public-datasets,houstondatavis,A topic-centric list of HQ open datasets. PR ☛☛☛,False,True,2019-04-30T05:01:35.000Z,713,1,0,0,5,master,2023-03-02T07:16:47.880Z,,[],,https://github.com/awesomedata/apd-core,,False,,,,awesomedata/awesome-public-datasets,mit,,git,True,https://github.com/houstondatavis.png,2019-05-06T18:08:19.000Z,2019-11-23T05:34:48.000Z,,,https://github.com/houstondatavis/awesome-public-datasets,,[],,,,https://repos.ecosyste.ms/api/v1/hosts/GitHub/repositories/houstondatavis%2Fawesome-public-datasets,https://repos.ecosyste.ms/api/v1/hosts/GitHub/repositories/houstondatavis%2Fawesome-public-datasets/tags,https://repos.ecosyste.ms/api/v1/hosts/GitHub/repositories/houstondatavis%2Fawesome-public-datasets/releases,https://repos.ecosyste.ms/api/v1/hosts/GitHub/repositories/houstondatavis%2Fawesome-public-datasets/manifests,https://repos.ecosyste.ms/api/v1/hosts/GitHub/owners/houstondatavis,https://codeload.github.com/houstondatavis/awesome-public-datasets/tar.gz/refs/heads/master,,,,,,,,,,,,,
228056265,houstondatavis/area-median-income-tool,houstondatavis,,False,False,2019-12-15T15:53:24.000Z,2831,0,0,0,5,master,2023-03-02T07:16:44.835Z,,[],,,R,True,,,,,,,git,True,https://github.com/houstondatavis.png,2019-12-14T16:50:42.000Z,2019-12-15T15:53:26.000Z,2023-04-27T16:45:58.341Z,,https://github.com/houstondatavis/area-median-income-tool,,[],,,,https://repos.ecosyste.ms/api/v1/hosts/GitHub/repositories/houstondatavis%2Farea-median-income-tool,https://repos.ecosyste.ms/api/v1/hosts/GitHub/repositories/houstondatavis%2Farea-median-income-tool/tags,https://repos.ecosyste.ms/api/v1/hosts/GitHub/repositories/houstondatavis%2Farea-median-income-tool/releases,https://repos.ecosyste.ms/api/v1/hosts/GitHub/repositories/houstondatavis%2Farea-median-income-tool/manifests,https://repos.ecosyste.ms/api/v1/hosts/GitHub/owners/houstondatavis,https://codeload.github.com/houstondatavis/area-median-income-tool/tar.gz/refs/heads/master,,,,,,,,,,,,,
185247375,houstondatavis/apd-core,houstondatavis,Core repo for,False,True,2019-04-30T04:37:32.000Z,362,0,0,0,5,master,2023-03-02T07:16:44.070Z,,[],,https://github.com/awesomedata/awesome-public-datasets,Python,False,,,,awesomedata/apd-core,gpl-3.0,,git,True,https://github.com/houstondatavis.png,2019-05-06T18:08:03.000Z,2019-05-06T18:08:06.000Z,,,https://github.com/houstondatavis/apd-core,,[],,,,https://repos.ecosyste.ms/api/v1/hosts/GitHub/repositories/houstondatavis%2Fapd-core,https://repos.ecosyste.ms/api/v1/hosts/GitHub/repositories/houstondatavis%2Fapd-core/tags,https://repos.ecosyste.ms/api/v1/hosts/GitHub/repositories/houstondatavis%2Fapd-core/releases,https://repos.ecosyste.ms/api/v1/hosts/GitHub/repositories/houstondatavis%2Fapd-core/manifests,https://repos.ecosyste.ms/api/v1/hosts/GitHub/owners/houstondatavis,https://codeload.github.com/houstondatavis/apd-core/tar.gz/refs/heads/master,,,,,,,,,,,,,
