uuid,full_name,owner,description,archived,fork,pushed_at,size,stargazers_count,open_issues_count,forks_count,subscribers_count,default_branch,last_synced_at,etag,topics,latest_commit_sha,homepage,language,has_issues,has_wiki,has_pages,mirror_url,source_name,license,status,scm,pull_requests_enabled,icon_url,created_at,updated_at,dependencies_parsed_at,dependency_job_id,html_url,previous_names,tags_count,template,template_full_name,repository_url,tags_url,releases_url,manifests_url,owner_url,download_url,metadata.files.readme,metadata.files.changelog,metadata.files.contributing,metadata.files.funding,metadata.files.license,metadata.files.code_of_conduct,metadata.files.threat_model,metadata.files.audit,metadata.files.citation,metadata.files.codeowners,metadata.files.security,metadata.files.support,metadata.files.governance,metadata.files.roadmap,metadata.files.authors,commit_stats.total_commits,commit_stats.total_committers,commit_stats.mean_commits,commit_stats.dds,commit_stats.last_synced_commit,commit_stats
621968531,NationalSecurityAgency/qgis-h3library-plugin,NationalSecurityAgency,QGIS plugin that installs the H3 library without having to 'pip install h3'.,False,False,2023-11-08T14:53:03.000Z,1106,3,0,0,4,main,2024-01-20T22:38:15.522Z,,"['geohash', 'h3', 'qgis']",,,C,True,,,,,gpl-2.0,,git,True,https://github.com/NationalSecurityAgency.png,2023-03-31T19:37:10.000Z,2024-01-20T22:38:15.523Z,,b5a25654-de42-4790-86a6-ff23ed8a42e7,https://github.com/NationalSecurityAgency/qgis-h3library-plugin,[],1.0,False,,https://repos.ecosyste.ms/api/v1/hosts/GitHub/repositories/NationalSecurityAgency%2Fqgis-h3library-plugin,https://repos.ecosyste.ms/api/v1/hosts/GitHub/repositories/NationalSecurityAgency%2Fqgis-h3library-plugin/tags,https://repos.ecosyste.ms/api/v1/hosts/GitHub/repositories/NationalSecurityAgency%2Fqgis-h3library-plugin/releases,https://repos.ecosyste.ms/api/v1/hosts/GitHub/repositories/NationalSecurityAgency%2Fqgis-h3library-plugin/manifests,https://repos.ecosyste.ms/api/v1/hosts/GitHub/owners/NationalSecurityAgency,https://codeload.github.com/NationalSecurityAgency/qgis-h3library-plugin/tar.gz/refs/heads/main,readme.md,,,,LICENSE,,,,,,,,,,,10.0,1.0,10.0,0.0,415e54584077db711bf4e4512496f60172e97f4a,
728069031,NationalSecurityAgency/rank-based-linkage,NationalSecurityAgency,,False,False,2024-01-20T19:28:05.000Z,328,2,0,0,4,main,2024-01-20T20:31:56.659Z,,[],,,Java,True,,,,,apache-2.0,,git,True,https://github.com/NationalSecurityAgency.png,2023-12-06T06:52:32.000Z,2024-01-11T16:57:55.000Z,2024-01-20T20:41:23.984Z,,https://github.com/NationalSecurityAgency/rank-based-linkage,['nationalsecurityagency/rank-based-linkage'],0.0,False,,https://repos.ecosyste.ms/api/v1/hosts/GitHub/repositories/NationalSecurityAgency%2Frank-based-linkage,https://repos.ecosyste.ms/api/v1/hosts/GitHub/repositories/NationalSecurityAgency%2Frank-based-linkage/tags,https://repos.ecosyste.ms/api/v1/hosts/GitHub/repositories/NationalSecurityAgency%2Frank-based-linkage/releases,https://repos.ecosyste.ms/api/v1/hosts/GitHub/repositories/NationalSecurityAgency%2Frank-based-linkage/manifests,https://repos.ecosyste.ms/api/v1/hosts/GitHub/owners/NationalSecurityAgency,https://codeload.github.com/NationalSecurityAgency/rank-based-linkage/tar.gz/refs/heads/main,README.md,,,,LICENSE.txt,,,,,,,,,,,,,,,,
116999027,NationalSecurityAgency/datawave,NationalSecurityAgency,"DataWave is an ingest/query framework that leverages Apache Accumulo to provide fast, secure data access.",False,False,2024-01-19T20:51:29.000Z,1079581,510,350,236,55,integration,2024-01-20T02:18:19.475Z,,"['accumulo', 'bigdata', 'hacktoberfest', 'java']",,https://code.nsa.gov/datawave,Java,True,,,,,apache-2.0,,git,True,https://github.com/NationalSecurityAgency.png,2018-01-10T19:05:58.000Z,2024-01-10T16:17:17.000Z,2023-12-15T19:23:24.425Z,8b3d1b29-7ff3-4c74-870e-9f8a909d18d8,https://github.com/NationalSecurityAgency/datawave,[],601.0,False,,https://repos.ecosyste.ms/api/v1/hosts/GitHub/repositories/NationalSecurityAgency%2Fdatawave,https://repos.ecosyste.ms/api/v1/hosts/GitHub/repositories/NationalSecurityAgency%2Fdatawave/tags,https://repos.ecosyste.ms/api/v1/hosts/GitHub/repositories/NationalSecurityAgency%2Fdatawave/releases,https://repos.ecosyste.ms/api/v1/hosts/GitHub/repositories/NationalSecurityAgency%2Fdatawave/manifests,https://repos.ecosyste.ms/api/v1/hosts/GitHub/owners/NationalSecurityAgency,https://codeload.github.com/NationalSecurityAgency/datawave/tar.gz/refs/heads/integration,README.md,,,,LICENSE,,,,,,,,,,,2552.0,62.0,41.16129032258065,0.7033699059561129,4be665cf49ea253ed5972abb047cd951ef3a0a64,
242767035,NationalSecurityAgency/skills-service,NationalSecurityAgency,SkillTree is a micro-learning gamification platform supporting the rapid integration of a gamified tool training approach into new and existing applications.,False,False,2024-01-19T20:18:05.000Z,390528,340,156,81,22,master,2024-01-19T22:02:16.455Z,,[],,https://skilltreeplatform.dev,Groovy,True,,,,,apache-2.0,,git,True,https://github.com/NationalSecurityAgency.png,2020-02-24T15:08:44.000Z,2024-01-19T18:11:32.000Z,2024-01-17T15:09:28.234Z,,https://github.com/NationalSecurityAgency/skills-service,[],83.0,False,,https://repos.ecosyste.ms/api/v1/hosts/GitHub/repositories/NationalSecurityAgency%2Fskills-service,https://repos.ecosyste.ms/api/v1/hosts/GitHub/repositories/NationalSecurityAgency%2Fskills-service/tags,https://repos.ecosyste.ms/api/v1/hosts/GitHub/repositories/NationalSecurityAgency%2Fskills-service/releases,https://repos.ecosyste.ms/api/v1/hosts/GitHub/repositories/NationalSecurityAgency%2Fskills-service/manifests,https://repos.ecosyste.ms/api/v1/hosts/GitHub/owners/NationalSecurityAgency,https://codeload.github.com/NationalSecurityAgency/skills-service/tar.gz/refs/heads/master,README.md,,CONTRIBUTING_IO.md,,LICENSE.txt,,,,,,,,,,,,,,,,
135743458,NationalSecurityAgency/emissary,NationalSecurityAgency,Distributed P2P Data-driven Workflow Framework,False,False,2024-01-19T17:05:25.000Z,19699,234,16,121,36,master,2024-01-19T18:30:56.531Z,,[],,,Java,True,,,,,apache-2.0,,git,True,https://github.com/NationalSecurityAgency.png,2018-06-01T17:02:18.000Z,2024-01-13T23:58:22.000Z,2023-10-10T18:48:47.683Z,96a23eaf-e64e-40e2-9c4c-aa2179c3d174,https://github.com/NationalSecurityAgency/emissary,[],54.0,False,,https://repos.ecosyste.ms/api/v1/hosts/GitHub/repositories/NationalSecurityAgency%2Femissary,https://repos.ecosyste.ms/api/v1/hosts/GitHub/repositories/NationalSecurityAgency%2Femissary/tags,https://repos.ecosyste.ms/api/v1/hosts/GitHub/repositories/NationalSecurityAgency%2Femissary/releases,https://repos.ecosyste.ms/api/v1/hosts/GitHub/repositories/NationalSecurityAgency%2Femissary/manifests,https://repos.ecosyste.ms/api/v1/hosts/GitHub/owners/NationalSecurityAgency,https://codeload.github.com/NationalSecurityAgency/emissary/tar.gz/refs/heads/master,README.md,,,,LICENSE,,,,,,SECURITY.md,,,,,,,,,,
62402740,NationalSecurityAgency/qgis-d3datavis-plugin,NationalSecurityAgency,QGIS D3 Date and Time Heatmap,False,False,2024-01-18T16:01:55.000Z,7510,127,0,56,25,master,2024-01-19T16:53:43.524Z,,[],,,Python,True,,,,,gpl-2.0,,git,True,https://github.com/NationalSecurityAgency.png,2016-07-01T15:34:20.000Z,2023-12-05T19:01:54.000Z,2023-02-19T19:16:07.455Z,682e658f-170d-4c2b-a9c0-becdf2a60559,https://github.com/NationalSecurityAgency/qgis-d3datavis-plugin,[],2.0,False,,https://repos.ecosyste.ms/api/v1/hosts/GitHub/repositories/NationalSecurityAgency%2Fqgis-d3datavis-plugin,https://repos.ecosyste.ms/api/v1/hosts/GitHub/repositories/NationalSecurityAgency%2Fqgis-d3datavis-plugin/tags,https://repos.ecosyste.ms/api/v1/hosts/GitHub/repositories/NationalSecurityAgency%2Fqgis-d3datavis-plugin/releases,https://repos.ecosyste.ms/api/v1/hosts/GitHub/repositories/NationalSecurityAgency%2Fqgis-d3datavis-plugin/manifests,https://repos.ecosyste.ms/api/v1/hosts/GitHub/owners/NationalSecurityAgency,https://codeload.github.com/NationalSecurityAgency/qgis-d3datavis-plugin/tar.gz/refs/heads/master,README.md,,,,LICENSE,,,,,,,,,,,,,,,,
173228436,NationalSecurityAgency/ghidra,NationalSecurityAgency,Ghidra is a software reverse engineering (SRE) framework,False,False,2024-01-19T13:08:47.000Z,325418,45627,1483,5462,1004,master,2024-01-19T14:27:43.924Z,,"['disassembler', 'reverse-engineering', 'software-analysis']",,https://www.nsa.gov/ghidra,Java,True,,,,,apache-2.0,,git,True,https://github.com/NationalSecurityAgency.png,2019-03-01T03:27:48.000Z,2024-01-19T14:27:51.469Z,2023-09-29T15:33:01.409Z,ad0e5947-e017-499b-b8d5-eeb2a31dad5e,https://github.com/NationalSecurityAgency/ghidra,[],34.0,False,,https://repos.ecosyste.ms/api/v1/hosts/GitHub/repositories/NationalSecurityAgency%2Fghidra,https://repos.ecosyste.ms/api/v1/hosts/GitHub/repositories/NationalSecurityAgency%2Fghidra/tags,https://repos.ecosyste.ms/api/v1/hosts/GitHub/repositories/NationalSecurityAgency%2Fghidra/releases,https://repos.ecosyste.ms/api/v1/hosts/GitHub/repositories/NationalSecurityAgency%2Fghidra/manifests,https://repos.ecosyste.ms/api/v1/hosts/GitHub/owners/NationalSecurityAgency,https://codeload.github.com/NationalSecurityAgency/ghidra/tar.gz/refs/heads/master,README.md,,CONTRIBUTING.md,,LICENSE,,,,,,,,,,,5624.0,255.0,22.054901960784314,0.8326813655761024,78171efe3493b8b26b21eadbe11a43d35a9b82cb,
213710909,NationalSecurityAgency/datawave-metadata-utils,NationalSecurityAgency,,False,False,2024-01-19T04:36:37.000Z,765,9,7,17,12,main,2024-01-19T05:33:27.792Z,,['hacktoberfest'],,,Java,True,,,,,apache-2.0,,git,True,https://github.com/NationalSecurityAgency.png,2019-10-08T17:42:38.000Z,2023-08-30T08:52:24.000Z,2023-10-20T21:20:46.584Z,80d5230e-b217-4c9c-83a5-32fe637bb96a,https://github.com/NationalSecurityAgency/datawave-metadata-utils,[],38.0,False,,https://repos.ecosyste.ms/api/v1/hosts/GitHub/repositories/NationalSecurityAgency%2Fdatawave-metadata-utils,https://repos.ecosyste.ms/api/v1/hosts/GitHub/repositories/NationalSecurityAgency%2Fdatawave-metadata-utils/tags,https://repos.ecosyste.ms/api/v1/hosts/GitHub/repositories/NationalSecurityAgency%2Fdatawave-metadata-utils/releases,https://repos.ecosyste.ms/api/v1/hosts/GitHub/repositories/NationalSecurityAgency%2Fdatawave-metadata-utils/manifests,https://repos.ecosyste.ms/api/v1/hosts/GitHub/owners/NationalSecurityAgency,https://codeload.github.com/NationalSecurityAgency/datawave-metadata-utils/tar.gz/refs/heads/main,README.md,,,,LICENSE,,,,,,,,,,,,,,,,
242777342,NationalSecurityAgency/skills-client,NationalSecurityAgency,"SkillTree client libraries facilitating the rapid integration of a gamified tool training approach in conjunction with skills-service. Provides out of the box support for Angular, React, Vue.js, and native Javascript.",False,False,2024-01-18T20:24:52.000Z,152768,74,10,31,13,master,2024-01-19T04:45:01.385Z,,[],,https://skilltreeplatform.dev,JavaScript,True,,,,,apache-2.0,,git,True,https://github.com/NationalSecurityAgency.png,2020-02-24T15:53:03.000Z,2024-01-19T04:45:01.385Z,2023-02-10T17:30:49.184Z,ecfa593e-2f64-4912-bfef-dcec81138e0a,https://github.com/NationalSecurityAgency/skills-client,[],12.0,False,,https://repos.ecosyste.ms/api/v1/hosts/GitHub/repositories/NationalSecurityAgency%2Fskills-client,https://repos.ecosyste.ms/api/v1/hosts/GitHub/repositories/NationalSecurityAgency%2Fskills-client/tags,https://repos.ecosyste.ms/api/v1/hosts/GitHub/repositories/NationalSecurityAgency%2Fskills-client/releases,https://repos.ecosyste.ms/api/v1/hosts/GitHub/repositories/NationalSecurityAgency%2Fskills-client/manifests,https://repos.ecosyste.ms/api/v1/hosts/GitHub/owners/NationalSecurityAgency,https://codeload.github.com/NationalSecurityAgency/skills-client/tar.gz/refs/heads/master,README.md,,CONTRIBUTING_IO.md,,LICENSE.txt,,,,,,,,,,,1337.0,9.0,148.55555555555554,0.5901271503365744,26ba60cd64c0132c2e688a6f0554c96217079da5,
572215917,NationalSecurityAgency/datawave-ingest-services,NationalSecurityAgency,,False,False,2024-01-18T19:25:34.000Z,85855,5,1,4,11,master,2024-01-18T20:34:07.654Z,,[],,,Java,True,,,,,apache-2.0,,git,True,https://github.com/NationalSecurityAgency.png,2022-11-29T19:51:24.000Z,2024-01-10T16:17:12.000Z,2024-01-18T20:32:17.498Z,9c2ab12d-2df2-47a8-a9fe-bee9702900ce,https://github.com/NationalSecurityAgency/datawave-ingest-services,[],7.0,False,,https://repos.ecosyste.ms/api/v1/hosts/GitHub/repositories/NationalSecurityAgency%2Fdatawave-ingest-services,https://repos.ecosyste.ms/api/v1/hosts/GitHub/repositories/NationalSecurityAgency%2Fdatawave-ingest-services/tags,https://repos.ecosyste.ms/api/v1/hosts/GitHub/repositories/NationalSecurityAgency%2Fdatawave-ingest-services/releases,https://repos.ecosyste.ms/api/v1/hosts/GitHub/repositories/NationalSecurityAgency%2Fdatawave-ingest-services/manifests,https://repos.ecosyste.ms/api/v1/hosts/GitHub/owners/NationalSecurityAgency,https://codeload.github.com/NationalSecurityAgency/datawave-ingest-services/tar.gz/refs/heads/master,README.MD,,,,LICENSE,,,,,,,,,,,,,,,,
329999096,NationalSecurityAgency/qgis-datetimetools-plugin,NationalSecurityAgency,"QGIS conversion tools to display the local date, time, time zone, convert between UNIX time (Epoch), Julian dates, ISO8601, calculate the difference between two dates, select a location and time zone by clicking on the map and display the closet location and sun statistics.",False,False,2024-01-18T16:03:35.000Z,44721,16,0,8,9,master,2024-01-18T18:37:23.093Z,,"['date', 'dawn', 'dusk', 'noon', 'qgis', 'sun', 'time', 'timezone']",,,Python,True,,,,,gpl-2.0,,git,True,https://github.com/NationalSecurityAgency.png,2021-01-15T19:04:59.000Z,2024-01-18T18:37:23.093Z,2023-02-19T19:15:55.116Z,9cf993c1-cc39-4013-899b-fb22135dc67e,https://github.com/NationalSecurityAgency/qgis-datetimetools-plugin,[],10.0,False,,https://repos.ecosyste.ms/api/v1/hosts/GitHub/repositories/NationalSecurityAgency%2Fqgis-datetimetools-plugin,https://repos.ecosyste.ms/api/v1/hosts/GitHub/repositories/NationalSecurityAgency%2Fqgis-datetimetools-plugin/tags,https://repos.ecosyste.ms/api/v1/hosts/GitHub/repositories/NationalSecurityAgency%2Fqgis-datetimetools-plugin/releases,https://repos.ecosyste.ms/api/v1/hosts/GitHub/repositories/NationalSecurityAgency%2Fqgis-datetimetools-plugin/manifests,https://repos.ecosyste.ms/api/v1/hosts/GitHub/owners/NationalSecurityAgency,https://codeload.github.com/NationalSecurityAgency/qgis-datetimetools-plugin/tar.gz/refs/heads/master,readme.md,,,,LICENSE,,,,,,,,,,,,,,,,
734551026,NationalSecurityAgency/qgis-cotraveler-plugin,NationalSecurityAgency,,False,False,2024-01-18T13:24:28.000Z,385,0,0,1,5,main,2024-01-18T16:22:05.990Z,,[],,,Python,True,,,,,gpl-2.0,,git,True,https://github.com/NationalSecurityAgency.png,2023-12-22T01:29:40.000Z,2024-01-03T18:41:19.000Z,2024-01-03T19:45:58.544Z,13dc7f1d-3181-4209-ba74-a20b0d6c1f3c,https://github.com/NationalSecurityAgency/qgis-cotraveler-plugin,['nationalsecurityagency/qgis-cotraveler-plugin'],1.0,False,,https://repos.ecosyste.ms/api/v1/hosts/GitHub/repositories/NationalSecurityAgency%2Fqgis-cotraveler-plugin,https://repos.ecosyste.ms/api/v1/hosts/GitHub/repositories/NationalSecurityAgency%2Fqgis-cotraveler-plugin/tags,https://repos.ecosyste.ms/api/v1/hosts/GitHub/repositories/NationalSecurityAgency%2Fqgis-cotraveler-plugin/releases,https://repos.ecosyste.ms/api/v1/hosts/GitHub/repositories/NationalSecurityAgency%2Fqgis-cotraveler-plugin/manifests,https://repos.ecosyste.ms/api/v1/hosts/GitHub/owners/NationalSecurityAgency,https://codeload.github.com/NationalSecurityAgency/qgis-cotraveler-plugin/tar.gz/refs/heads/main,readme.md,,,,LICENSE,,,,,,,,,,,,,,,,
492392986,NationalSecurityAgency/datawave-spring-boot-starter-query-metric,NationalSecurityAgency,,False,False,2024-01-17T19:46:55.000Z,63,2,0,0,7,main,2024-01-18T03:31:18.578Z,,[],,,Java,True,,,,,apache-2.0,,git,True,https://github.com/NationalSecurityAgency.png,2022-05-15T05:09:23.000Z,2023-07-20T21:37:07.000Z,2023-02-19T08:00:58.398Z,7065d363-62e7-4823-a337-023923c4b0eb,https://github.com/NationalSecurityAgency/datawave-spring-boot-starter-query-metric,[],4.0,False,,https://repos.ecosyste.ms/api/v1/hosts/GitHub/repositories/NationalSecurityAgency%2Fdatawave-spring-boot-starter-query-metric,https://repos.ecosyste.ms/api/v1/hosts/GitHub/repositories/NationalSecurityAgency%2Fdatawave-spring-boot-starter-query-metric/tags,https://repos.ecosyste.ms/api/v1/hosts/GitHub/repositories/NationalSecurityAgency%2Fdatawave-spring-boot-starter-query-metric/releases,https://repos.ecosyste.ms/api/v1/hosts/GitHub/repositories/NationalSecurityAgency%2Fdatawave-spring-boot-starter-query-metric/manifests,https://repos.ecosyste.ms/api/v1/hosts/GitHub/owners/NationalSecurityAgency,https://codeload.github.com/NationalSecurityAgency/datawave-spring-boot-starter-query-metric/tar.gz/refs/heads/main,,,,,LICENSE,,,,,,,,,,,,,,,,
341993258,NationalSecurityAgency/datawave-query-metric-service,NationalSecurityAgency,,False,False,2024-01-17T20:03:54.000Z,945,6,6,12,8,main,2024-01-18T03:31:04.724Z,,[],,,Java,True,,,,,apache-2.0,,git,True,https://github.com/NationalSecurityAgency.png,2021-02-24T18:17:03.000Z,2023-12-25T02:50:21.000Z,2023-02-18T11:47:21.921Z,9e5dbacd-ff7e-42ea-a5a9-ef212cfa5381,https://github.com/NationalSecurityAgency/datawave-query-metric-service,[],64.0,False,,https://repos.ecosyste.ms/api/v1/hosts/GitHub/repositories/NationalSecurityAgency%2Fdatawave-query-metric-service,https://repos.ecosyste.ms/api/v1/hosts/GitHub/repositories/NationalSecurityAgency%2Fdatawave-query-metric-service/tags,https://repos.ecosyste.ms/api/v1/hosts/GitHub/repositories/NationalSecurityAgency%2Fdatawave-query-metric-service/releases,https://repos.ecosyste.ms/api/v1/hosts/GitHub/repositories/NationalSecurityAgency%2Fdatawave-query-metric-service/manifests,https://repos.ecosyste.ms/api/v1/hosts/GitHub/owners/NationalSecurityAgency,https://codeload.github.com/NationalSecurityAgency/datawave-query-metric-service/tar.gz/refs/heads/main,README.md,,,,LICENSE,,,,,,,,,,,,,,,,
213710880,NationalSecurityAgency/datawave-config-service,NationalSecurityAgency,,False,False,2024-01-17T19:44:47.000Z,48,3,1,10,9,main,2024-01-18T03:30:23.117Z,,['hacktoberfest'],,,Java,True,,,,,apache-2.0,,git,True,https://github.com/NationalSecurityAgency.png,2019-10-08T17:42:31.000Z,2023-07-20T21:49:31.000Z,2023-01-20T03:04:06.769Z,53277d03-db45-408a-834a-a59f07ba4aa3,https://github.com/NationalSecurityAgency/datawave-config-service,[],9.0,False,,https://repos.ecosyste.ms/api/v1/hosts/GitHub/repositories/NationalSecurityAgency%2Fdatawave-config-service,https://repos.ecosyste.ms/api/v1/hosts/GitHub/repositories/NationalSecurityAgency%2Fdatawave-config-service/tags,https://repos.ecosyste.ms/api/v1/hosts/GitHub/repositories/NationalSecurityAgency%2Fdatawave-config-service/releases,https://repos.ecosyste.ms/api/v1/hosts/GitHub/repositories/NationalSecurityAgency%2Fdatawave-config-service/manifests,https://repos.ecosyste.ms/api/v1/hosts/GitHub/owners/NationalSecurityAgency,https://codeload.github.com/NationalSecurityAgency/datawave-config-service/tar.gz/refs/heads/main,README.md,,,,LICENSE,,,,,,,,,,,,,,,,
60373386,NationalSecurityAgency/qgis-shapetools-plugin,NationalSecurityAgency,"Shape Tools creates geodesic shapes and includes a number of geodesic tools for QGIS including the XY to Line tool, geodesic densify tool, geodesic line break, geodesic measure tool, geodesic measurement layer, geodesic scale, rotate and translate tool, and digitize points at an azimuth & distance tools.",False,False,2024-01-17T17:15:45.000Z,4299,147,0,72,31,master,2024-01-18T01:00:12.343Z,,"['arc', 'azimuth', 'bearing', 'decimate', 'donut', 'ellipse', 'geodesic', 'pie', 'polyfoil', 'polygon', 'qgis', 'rose', 'xytoline']",,,Python,True,,,,,gpl-2.0,,git,True,https://github.com/NationalSecurityAgency.png,2016-06-03T19:43:25.000Z,2024-01-03T20:19:49.000Z,2023-01-20T07:15:43.509Z,27c4ba5e-8b94-4480-a21e-70f1f26f2cae,https://github.com/NationalSecurityAgency/qgis-shapetools-plugin,[],32.0,False,,https://repos.ecosyste.ms/api/v1/hosts/GitHub/repositories/NationalSecurityAgency%2Fqgis-shapetools-plugin,https://repos.ecosyste.ms/api/v1/hosts/GitHub/repositories/NationalSecurityAgency%2Fqgis-shapetools-plugin/tags,https://repos.ecosyste.ms/api/v1/hosts/GitHub/repositories/NationalSecurityAgency%2Fqgis-shapetools-plugin/releases,https://repos.ecosyste.ms/api/v1/hosts/GitHub/repositories/NationalSecurityAgency%2Fqgis-shapetools-plugin/manifests,https://repos.ecosyste.ms/api/v1/hosts/GitHub/owners/NationalSecurityAgency,https://codeload.github.com/NationalSecurityAgency/qgis-shapetools-plugin/tar.gz/refs/heads/master,readme.md,,,,LICENSE,,,,,,,,,,,,,,,,
145171161,NationalSecurityAgency/MADCert,NationalSecurityAgency,"Create root and intermediate Certificate Authorities, issue user and server certificates, etc. for testing purposes.",False,False,2022-07-05T15:21:58.000Z,124,90,0,37,10,main,2024-01-18T00:09:40.572Z,,[],,,JavaScript,True,,,,,other,,git,True,https://github.com/NationalSecurityAgency.png,2018-08-17T22:18:15.000Z,2024-01-18T00:09:40.573Z,2022-07-20T12:02:22.640Z,,https://github.com/NationalSecurityAgency/MADCert,[],13.0,False,,https://repos.ecosyste.ms/api/v1/hosts/GitHub/repositories/NationalSecurityAgency%2FMADCert,https://repos.ecosyste.ms/api/v1/hosts/GitHub/repositories/NationalSecurityAgency%2FMADCert/tags,https://repos.ecosyste.ms/api/v1/hosts/GitHub/repositories/NationalSecurityAgency%2FMADCert/releases,https://repos.ecosyste.ms/api/v1/hosts/GitHub/repositories/NationalSecurityAgency%2FMADCert/manifests,https://repos.ecosyste.ms/api/v1/hosts/GitHub/owners/NationalSecurityAgency,https://codeload.github.com/NationalSecurityAgency/MADCert/tar.gz/refs/heads/main,README.MD,,CONTRIBUTING_IO.md,,LICENSE.md,,,,,,,,,,,,,,,,
56099345,NationalSecurityAgency/timely,NationalSecurityAgency,Accumulo backed time series database,False,False,2024-01-17T15:50:20.000Z,60297,370,19,116,51,master,2024-01-17T23:43:28.777Z,,"['accumulo', 'hacktoberfest', 'series-database', 'time-series', 'timeseries']",,https://code.nsa.gov/timely/,CSS,True,,,,,apache-2.0,,git,True,https://github.com/NationalSecurityAgency.png,2016-04-12T21:33:37.000Z,2024-01-04T16:04:10.000Z,2024-01-11T20:53:35.668Z,,https://github.com/NationalSecurityAgency/timely,[],26.0,False,,https://repos.ecosyste.ms/api/v1/hosts/GitHub/repositories/NationalSecurityAgency%2Ftimely,https://repos.ecosyste.ms/api/v1/hosts/GitHub/repositories/NationalSecurityAgency%2Ftimely/tags,https://repos.ecosyste.ms/api/v1/hosts/GitHub/repositories/NationalSecurityAgency%2Ftimely/releases,https://repos.ecosyste.ms/api/v1/hosts/GitHub/repositories/NationalSecurityAgency%2Ftimely/manifests,https://repos.ecosyste.ms/api/v1/hosts/GitHub/owners/NationalSecurityAgency,https://codeload.github.com/NationalSecurityAgency/timely/tar.gz/refs/heads/master,README.md,,,,LICENSE,,,,,,,,,,,,,,,,
242782787,NationalSecurityAgency/skills-stress-test,NationalSecurityAgency,SkillTree,False,False,2024-01-15T13:36:47.000Z,363,19,1,12,7,master,2024-01-15T17:43:15.270Z,,[],,https://skilltreeplatform.dev,Groovy,True,,,,,apache-2.0,,git,True,https://github.com/NationalSecurityAgency.png,2020-02-24T16:15:40.000Z,2023-12-25T09:17:36.000Z,2023-12-08T20:44:44.892Z,,https://github.com/NationalSecurityAgency/skills-stress-test,[],0.0,,,https://repos.ecosyste.ms/api/v1/hosts/GitHub/repositories/NationalSecurityAgency%2Fskills-stress-test,https://repos.ecosyste.ms/api/v1/hosts/GitHub/repositories/NationalSecurityAgency%2Fskills-stress-test/tags,https://repos.ecosyste.ms/api/v1/hosts/GitHub/repositories/NationalSecurityAgency%2Fskills-stress-test/releases,https://repos.ecosyste.ms/api/v1/hosts/GitHub/repositories/NationalSecurityAgency%2Fskills-stress-test/manifests,https://repos.ecosyste.ms/api/v1/hosts/GitHub/owners/NationalSecurityAgency,https://codeload.github.com/NationalSecurityAgency/skills-stress-test/tar.gz/refs/heads/master,README.md,,CONTRIBUTING_IO.md,,LICENSE.txt,,,,,,,,,,,,,,,,
34736869,NationalSecurityAgency/SIMP,NationalSecurityAgency,A system automation and configuration management stack targeted toward operational flexibility and policy compliance.,True,False,2019-11-05T22:27:13.000Z,71,1335,0,299,284,master,2024-01-14T15:05:44.155Z,,[],,https://simp-project.com,Ruby,False,,,,,other,,git,True,https://github.com/NationalSecurityAgency.png,2015-04-28T14:52:42.000Z,2023-12-29T23:46:06.000Z,2022-07-28T23:39:05.444Z,,https://github.com/NationalSecurityAgency/SIMP,[],23.0,,,https://repos.ecosyste.ms/api/v1/hosts/GitHub/repositories/NationalSecurityAgency%2FSIMP,https://repos.ecosyste.ms/api/v1/hosts/GitHub/repositories/NationalSecurityAgency%2FSIMP/tags,https://repos.ecosyste.ms/api/v1/hosts/GitHub/repositories/NationalSecurityAgency%2FSIMP/releases,https://repos.ecosyste.ms/api/v1/hosts/GitHub/repositories/NationalSecurityAgency%2FSIMP/manifests,https://repos.ecosyste.ms/api/v1/hosts/GitHub/owners/NationalSecurityAgency,https://codeload.github.com/NationalSecurityAgency/SIMP/tar.gz/refs/heads/master,README.rst,,CONTRIBUTING.md,,LICENSE,,,,,,,,,,,,,,,,
213710874,NationalSecurityAgency/datawave-common-utils,NationalSecurityAgency,,False,False,2024-01-11T14:47:00.000Z,83,2,6,12,9,main,2024-01-11T21:23:45.011Z,,['hacktoberfest'],,,Java,True,,,,,apache-2.0,,git,True,https://github.com/NationalSecurityAgency.png,2019-10-08T17:42:30.000Z,2023-07-20T21:49:54.000Z,2023-02-02T20:01:47.917Z,344c6ed6-1fa1-47aa-991c-3161fe2ac20c,https://github.com/NationalSecurityAgency/datawave-common-utils,[],3.0,,,https://repos.ecosyste.ms/api/v1/hosts/GitHub/repositories/NationalSecurityAgency%2Fdatawave-common-utils,https://repos.ecosyste.ms/api/v1/hosts/GitHub/repositories/NationalSecurityAgency%2Fdatawave-common-utils/tags,https://repos.ecosyste.ms/api/v1/hosts/GitHub/repositories/NationalSecurityAgency%2Fdatawave-common-utils/releases,https://repos.ecosyste.ms/api/v1/hosts/GitHub/repositories/NationalSecurityAgency%2Fdatawave-common-utils/manifests,https://repos.ecosyste.ms/api/v1/hosts/GitHub/owners/NationalSecurityAgency,https://codeload.github.com/NationalSecurityAgency/datawave-common-utils/tar.gz/refs/heads/main,README.md,,,,LICENSE,,,,,,,,,,,,,,,,
64151115,NationalSecurityAgency/lemongraph,NationalSecurityAgency,Log-based transactional graph engine,False,False,2024-01-09T18:35:35.000Z,410,1129,6,156,97,master,2024-01-09T20:03:39.666Z,,[],,,Python,True,,,,,other,,git,True,https://github.com/NationalSecurityAgency.png,2016-07-25T16:37:44.000Z,2024-01-05T20:21:39.000Z,2024-01-09T19:53:33.158Z,6657ccc2-cc96-4fb5-b8aa-223ec861f99e,https://github.com/NationalSecurityAgency/lemongraph,[],30.0,,,https://repos.ecosyste.ms/api/v1/hosts/GitHub/repositories/NationalSecurityAgency%2Flemongraph,https://repos.ecosyste.ms/api/v1/hosts/GitHub/repositories/NationalSecurityAgency%2Flemongraph/tags,https://repos.ecosyste.ms/api/v1/hosts/GitHub/repositories/NationalSecurityAgency%2Flemongraph/releases,https://repos.ecosyste.ms/api/v1/hosts/GitHub/repositories/NationalSecurityAgency%2Flemongraph/manifests,https://repos.ecosyste.ms/api/v1/hosts/GitHub/owners/NationalSecurityAgency,https://codeload.github.com/NationalSecurityAgency/lemongraph/tar.gz/refs/heads/master,README.md,,,,LICENSE,,,,,,,,,,,,,,,,
729329499,NationalSecurityAgency/datawave-stack-docker-images,NationalSecurityAgency,,False,False,2023-12-26T12:02:28.000Z,24,0,0,0,3,main,2023-12-27T13:05:59.021Z,,[],,,Shell,True,,,,,,,git,True,https://github.com/NationalSecurityAgency.png,2023-12-08T23:12:31.000Z,2023-12-11T18:22:03.000Z,2023-12-26T13:08:58.082Z,,https://github.com/NationalSecurityAgency/datawave-stack-docker-images,['nationalsecurityagency/datawave-stack-docker-images'],3.0,,,https://repos.ecosyste.ms/api/v1/hosts/GitHub/repositories/NationalSecurityAgency%2Fdatawave-stack-docker-images,https://repos.ecosyste.ms/api/v1/hosts/GitHub/repositories/NationalSecurityAgency%2Fdatawave-stack-docker-images/tags,https://repos.ecosyste.ms/api/v1/hosts/GitHub/repositories/NationalSecurityAgency%2Fdatawave-stack-docker-images/releases,https://repos.ecosyste.ms/api/v1/hosts/GitHub/repositories/NationalSecurityAgency%2Fdatawave-stack-docker-images/manifests,https://repos.ecosyste.ms/api/v1/hosts/GitHub/owners/NationalSecurityAgency,https://codeload.github.com/NationalSecurityAgency/datawave-stack-docker-images/tar.gz/refs/heads/main,,,,,,,,,,,,,,,,,,,,,
492392994,NationalSecurityAgency/datawave-query-service,NationalSecurityAgency,,False,False,2023-12-23T15:59:20.000Z,1344,1,0,1,5,main,2023-12-23T17:37:01.788Z,,[],,,,True,,,,,apache-2.0,,git,True,https://github.com/NationalSecurityAgency.png,2022-05-15T05:09:25.000Z,2023-07-20T21:52:12.000Z,2023-01-30T17:30:54.804Z,61a01895-0240-42eb-b5a6-33fe5d3ad067,https://github.com/NationalSecurityAgency/datawave-query-service,[],0.0,,,https://repos.ecosyste.ms/api/v1/hosts/GitHub/repositories/NationalSecurityAgency%2Fdatawave-query-service,https://repos.ecosyste.ms/api/v1/hosts/GitHub/repositories/NationalSecurityAgency%2Fdatawave-query-service/tags,https://repos.ecosyste.ms/api/v1/hosts/GitHub/repositories/NationalSecurityAgency%2Fdatawave-query-service/releases,https://repos.ecosyste.ms/api/v1/hosts/GitHub/repositories/NationalSecurityAgency%2Fdatawave-query-service/manifests,https://repos.ecosyste.ms/api/v1/hosts/GitHub/owners/NationalSecurityAgency,https://codeload.github.com/NationalSecurityAgency/datawave-query-service/tar.gz/refs/heads/main,,,,,LICENSE,,,,,,,,,,,,,,,,
492392750,NationalSecurityAgency/datawave-spring-boot-starter-query,NationalSecurityAgency,,False,False,2023-12-23T15:58:43.000Z,521,1,0,1,5,main,2023-12-23T17:36:53.344Z,,[],,,,True,,,,,apache-2.0,,git,True,https://github.com/NationalSecurityAgency.png,2022-05-15T05:07:47.000Z,2023-07-20T21:37:29.000Z,2023-02-15T10:31:55.317Z,fc115373-ced3-4e0b-abc8-4207e5b0a98e,https://github.com/NationalSecurityAgency/datawave-spring-boot-starter-query,[],0.0,,,https://repos.ecosyste.ms/api/v1/hosts/GitHub/repositories/NationalSecurityAgency%2Fdatawave-spring-boot-starter-query,https://repos.ecosyste.ms/api/v1/hosts/GitHub/repositories/NationalSecurityAgency%2Fdatawave-spring-boot-starter-query/tags,https://repos.ecosyste.ms/api/v1/hosts/GitHub/repositories/NationalSecurityAgency%2Fdatawave-spring-boot-starter-query/releases,https://repos.ecosyste.ms/api/v1/hosts/GitHub/repositories/NationalSecurityAgency%2Fdatawave-spring-boot-starter-query/manifests,https://repos.ecosyste.ms/api/v1/hosts/GitHub/owners/NationalSecurityAgency,https://codeload.github.com/NationalSecurityAgency/datawave-spring-boot-starter-query/tar.gz/refs/heads/main,,,,,LICENSE,,,,,,,,,,,,,,,,
238559784,NationalSecurityAgency/qgis-mgrs-plugin,NationalSecurityAgency,QGIS Tools to capture and zoom to MGRS coordinates.,False,False,2023-12-15T14:54:59.000Z,332,13,1,11,6,master,2023-12-16T14:33:24.780Z,,"['coordinates', 'mgrs', 'qgis', 'snapshot', 'zoom']",,,Python,True,,,,,gpl-2.0,,git,True,https://github.com/NationalSecurityAgency.png,2020-02-05T22:17:59.000Z,2023-12-20T15:38:14.291Z,2023-02-19T19:31:07.479Z,2a4afa77-d6ee-4ee5-bd18-43c782f7278a,https://github.com/NationalSecurityAgency/qgis-mgrs-plugin,[],4.0,,,https://repos.ecosyste.ms/api/v1/hosts/GitHub/repositories/NationalSecurityAgency%2Fqgis-mgrs-plugin,https://repos.ecosyste.ms/api/v1/hosts/GitHub/repositories/NationalSecurityAgency%2Fqgis-mgrs-plugin/tags,https://repos.ecosyste.ms/api/v1/hosts/GitHub/repositories/NationalSecurityAgency%2Fqgis-mgrs-plugin/releases,https://repos.ecosyste.ms/api/v1/hosts/GitHub/repositories/NationalSecurityAgency%2Fqgis-mgrs-plugin/manifests,https://repos.ecosyste.ms/api/v1/hosts/GitHub/owners/NationalSecurityAgency,https://codeload.github.com/NationalSecurityAgency/qgis-mgrs-plugin/tar.gz/refs/heads/master,readme.md,,,,LICENSE,,,,,,,,,,,,,,,,
223469083,NationalSecurityAgency/kmyth,NationalSecurityAgency,,False,False,2023-12-16T13:07:13.000Z,2681,67,2,49,12,main,2023-12-16T14:27:40.056Z,,[],,,C,True,,,,,apache-2.0,,git,True,https://github.com/NationalSecurityAgency.png,2019-11-22T19:09:16.000Z,2023-12-06T02:23:39.000Z,2023-11-26T10:41:15.585Z,,https://github.com/NationalSecurityAgency/kmyth,[],0.0,,,https://repos.ecosyste.ms/api/v1/hosts/GitHub/repositories/NationalSecurityAgency%2Fkmyth,https://repos.ecosyste.ms/api/v1/hosts/GitHub/repositories/NationalSecurityAgency%2Fkmyth/tags,https://repos.ecosyste.ms/api/v1/hosts/GitHub/repositories/NationalSecurityAgency%2Fkmyth/releases,https://repos.ecosyste.ms/api/v1/hosts/GitHub/repositories/NationalSecurityAgency%2Fkmyth/manifests,https://repos.ecosyste.ms/api/v1/hosts/GitHub/owners/NationalSecurityAgency,https://codeload.github.com/NationalSecurityAgency/kmyth/tar.gz/refs/heads/main,README.md,,CONTRIBUTING.md,,LICENSE,,,,,,,,,,,,,,,,
242782094,NationalSecurityAgency/skills-client-examples,NationalSecurityAgency,SkillTree skills-client-examples,False,False,2023-12-15T18:09:50.000Z,700,27,1,16,7,master,2023-12-15T20:09:12.579Z,,[],,https://skilltreeplatform.dev,Java,True,,,,,apache-2.0,,git,True,https://github.com/NationalSecurityAgency.png,2020-02-24T16:12:35.000Z,2023-12-13T00:51:41.000Z,2023-12-15T19:39:28.953Z,,https://github.com/NationalSecurityAgency/skills-client-examples,[],7.0,,,https://repos.ecosyste.ms/api/v1/hosts/GitHub/repositories/NationalSecurityAgency%2Fskills-client-examples,https://repos.ecosyste.ms/api/v1/hosts/GitHub/repositories/NationalSecurityAgency%2Fskills-client-examples/tags,https://repos.ecosyste.ms/api/v1/hosts/GitHub/repositories/NationalSecurityAgency%2Fskills-client-examples/releases,https://repos.ecosyste.ms/api/v1/hosts/GitHub/repositories/NationalSecurityAgency%2Fskills-client-examples/manifests,https://repos.ecosyste.ms/api/v1/hosts/GitHub/owners/NationalSecurityAgency,https://codeload.github.com/NationalSecurityAgency/skills-client-examples/tar.gz/refs/heads/master,README.md,,CONTRIBUTING_IO.md,,LICENSE.txt,,,,,,,,,,,,,,,,
492392999,NationalSecurityAgency/datawave-query-executor-service,NationalSecurityAgency,,False,False,2023-12-13T17:57:10.000Z,390,1,0,0,5,main,2023-12-13T19:23:05.927Z,,[],,,,True,,,,,apache-2.0,,git,True,https://github.com/NationalSecurityAgency.png,2022-05-15T05:09:26.000Z,2023-07-20T21:22:22.000Z,2023-02-15T10:31:57.833Z,b8c9b7ba-0bee-4331-b1e6-976724867fe5,https://github.com/NationalSecurityAgency/datawave-query-executor-service,[],0.0,,,https://repos.ecosyste.ms/api/v1/hosts/GitHub/repositories/NationalSecurityAgency%2Fdatawave-query-executor-service,https://repos.ecosyste.ms/api/v1/hosts/GitHub/repositories/NationalSecurityAgency%2Fdatawave-query-executor-service/tags,https://repos.ecosyste.ms/api/v1/hosts/GitHub/repositories/NationalSecurityAgency%2Fdatawave-query-executor-service/releases,https://repos.ecosyste.ms/api/v1/hosts/GitHub/repositories/NationalSecurityAgency%2Fdatawave-query-executor-service/manifests,https://repos.ecosyste.ms/api/v1/hosts/GitHub/owners/NationalSecurityAgency,https://codeload.github.com/NationalSecurityAgency/datawave-query-executor-service/tar.gz/refs/heads/main,,,,,LICENSE,,,,,,,,,,,,,,,,
213710855,NationalSecurityAgency/datawave-audit-service,NationalSecurityAgency,,False,False,2023-12-11T19:01:12.000Z,371,4,2,12,11,main,2023-12-11T20:23:46.607Z,,['hacktoberfest'],,,Java,True,,,,,apache-2.0,,git,True,https://github.com/NationalSecurityAgency.png,2019-10-08T17:42:25.000Z,2023-07-20T21:36:22.000Z,2023-02-18T11:48:15.428Z,c796dc84-6b09-4f6d-9e0a-86e898d11b1d,https://github.com/NationalSecurityAgency/datawave-audit-service,[],30.0,,,https://repos.ecosyste.ms/api/v1/hosts/GitHub/repositories/NationalSecurityAgency%2Fdatawave-audit-service,https://repos.ecosyste.ms/api/v1/hosts/GitHub/repositories/NationalSecurityAgency%2Fdatawave-audit-service/tags,https://repos.ecosyste.ms/api/v1/hosts/GitHub/repositories/NationalSecurityAgency%2Fdatawave-audit-service/releases,https://repos.ecosyste.ms/api/v1/hosts/GitHub/repositories/NationalSecurityAgency%2Fdatawave-audit-service/manifests,https://repos.ecosyste.ms/api/v1/hosts/GitHub/owners/NationalSecurityAgency,https://codeload.github.com/NationalSecurityAgency/datawave-audit-service/tar.gz/refs/heads/main,README.md,,,,LICENSE,,,,,,,,,,,,,,,,
179133447,NationalSecurityAgency/ghidra-data,NationalSecurityAgency,Supporting Data Archives for Ghidra,False,False,2023-12-04T13:04:46.000Z,294961,156,1,89,30,main,2023-12-04T14:26:06.937Z,,[],,https://www.nsa.gov/ghidra,,False,,,,,apache-2.0,,git,True,https://github.com/NationalSecurityAgency.png,2019-04-02T18:11:53.000Z,2023-12-04T14:26:07.778Z,2023-12-04T14:36:07.683Z,,https://github.com/NationalSecurityAgency/ghidra-data,[],19.0,,,https://repos.ecosyste.ms/api/v1/hosts/GitHub/repositories/NationalSecurityAgency%2Fghidra-data,https://repos.ecosyste.ms/api/v1/hosts/GitHub/repositories/NationalSecurityAgency%2Fghidra-data/tags,https://repos.ecosyste.ms/api/v1/hosts/GitHub/repositories/NationalSecurityAgency%2Fghidra-data/releases,https://repos.ecosyste.ms/api/v1/hosts/GitHub/repositories/NationalSecurityAgency%2Fghidra-data/manifests,https://repos.ecosyste.ms/api/v1/hosts/GitHub/owners/NationalSecurityAgency,https://codeload.github.com/NationalSecurityAgency/ghidra-data/tar.gz/refs/heads/main,README.md,,,,LICENSE,,,,,,,,,,,,,,,,
213710931,NationalSecurityAgency/datawave-spring-boot-starter,NationalSecurityAgency,,False,False,2023-11-22T22:23:45.000Z,307,10,2,14,10,main,2023-11-23T19:26:07.506Z,,['hacktoberfest'],,,Java,True,,,,,apache-2.0,,git,True,https://github.com/NationalSecurityAgency.png,2019-10-08T17:42:43.000Z,2023-09-28T13:20:55.000Z,2023-01-30T17:45:31.390Z,8ee49562-6085-4121-94a3-6561dd8c7ef6,https://github.com/NationalSecurityAgency/datawave-spring-boot-starter,[],21.0,,,https://repos.ecosyste.ms/api/v1/hosts/GitHub/repositories/NationalSecurityAgency%2Fdatawave-spring-boot-starter,https://repos.ecosyste.ms/api/v1/hosts/GitHub/repositories/NationalSecurityAgency%2Fdatawave-spring-boot-starter/tags,https://repos.ecosyste.ms/api/v1/hosts/GitHub/repositories/NationalSecurityAgency%2Fdatawave-spring-boot-starter/releases,https://repos.ecosyste.ms/api/v1/hosts/GitHub/repositories/NationalSecurityAgency%2Fdatawave-spring-boot-starter/manifests,https://repos.ecosyste.ms/api/v1/hosts/GitHub/owners/NationalSecurityAgency,https://codeload.github.com/NationalSecurityAgency/datawave-spring-boot-starter/tar.gz/refs/heads/main,README.md,,,,LICENSE,,,,,,,,,,,,,,,,
609280987,NationalSecurityAgency/datawave-spring-boot-starter-cached-results,NationalSecurityAgency,,False,False,2023-11-22T18:06:39.000Z,58,1,0,0,4,main,2023-11-22T19:26:02.506Z,,[],,,,True,,,,,apache-2.0,,git,True,https://github.com/NationalSecurityAgency.png,2023-03-03T19:03:23.000Z,2023-11-22T19:26:03.020Z,2023-11-22T19:26:02.747Z,,https://github.com/NationalSecurityAgency/datawave-spring-boot-starter-cached-results,[],0.0,,,https://repos.ecosyste.ms/api/v1/hosts/GitHub/repositories/NationalSecurityAgency%2Fdatawave-spring-boot-starter-cached-results,https://repos.ecosyste.ms/api/v1/hosts/GitHub/repositories/NationalSecurityAgency%2Fdatawave-spring-boot-starter-cached-results/tags,https://repos.ecosyste.ms/api/v1/hosts/GitHub/repositories/NationalSecurityAgency%2Fdatawave-spring-boot-starter-cached-results/releases,https://repos.ecosyste.ms/api/v1/hosts/GitHub/repositories/NationalSecurityAgency%2Fdatawave-spring-boot-starter-cached-results/manifests,https://repos.ecosyste.ms/api/v1/hosts/GitHub/owners/NationalSecurityAgency,https://codeload.github.com/NationalSecurityAgency/datawave-spring-boot-starter-cached-results/tar.gz/refs/heads/main,,,,,LICENSE,,,,,,,,,,,,,,,,
213710935,NationalSecurityAgency/datawave-spring-boot-starter-audit,NationalSecurityAgency,,False,False,2023-11-22T18:06:38.000Z,75,5,1,9,9,main,2023-11-22T19:26:01.571Z,,['hacktoberfest'],,,Java,True,,,,,apache-2.0,,git,True,https://github.com/NationalSecurityAgency.png,2019-10-08T17:42:44.000Z,2023-11-22T19:26:02.545Z,2023-02-18T07:55:14.822Z,92d581cd-4deb-4f16-8afc-bd6caa9326b0,https://github.com/NationalSecurityAgency/datawave-spring-boot-starter-audit,[],8.0,,,https://repos.ecosyste.ms/api/v1/hosts/GitHub/repositories/NationalSecurityAgency%2Fdatawave-spring-boot-starter-audit,https://repos.ecosyste.ms/api/v1/hosts/GitHub/repositories/NationalSecurityAgency%2Fdatawave-spring-boot-starter-audit/tags,https://repos.ecosyste.ms/api/v1/hosts/GitHub/repositories/NationalSecurityAgency%2Fdatawave-spring-boot-starter-audit/releases,https://repos.ecosyste.ms/api/v1/hosts/GitHub/repositories/NationalSecurityAgency%2Fdatawave-spring-boot-starter-audit/manifests,https://repos.ecosyste.ms/api/v1/hosts/GitHub/owners/NationalSecurityAgency,https://codeload.github.com/NationalSecurityAgency/datawave-spring-boot-starter-audit/tar.gz/refs/heads/main,README.md,,,,LICENSE,,,,,,,,,,,,,,,,
213710902,NationalSecurityAgency/datawave-hazelcast-service,NationalSecurityAgency,,False,False,2023-11-22T18:06:35.000Z,141,2,2,9,9,main,2023-11-22T19:26:01.016Z,,['hacktoberfest'],,,Java,True,,,,,apache-2.0,,git,True,https://github.com/NationalSecurityAgency.png,2019-10-08T17:42:37.000Z,2023-11-22T19:26:03.574Z,2023-05-15T18:00:12.833Z,daa71479-4990-4e44-a991-496d463d70d0,https://github.com/NationalSecurityAgency/datawave-hazelcast-service,[],33.0,,,https://repos.ecosyste.ms/api/v1/hosts/GitHub/repositories/NationalSecurityAgency%2Fdatawave-hazelcast-service,https://repos.ecosyste.ms/api/v1/hosts/GitHub/repositories/NationalSecurityAgency%2Fdatawave-hazelcast-service/tags,https://repos.ecosyste.ms/api/v1/hosts/GitHub/repositories/NationalSecurityAgency%2Fdatawave-hazelcast-service/releases,https://repos.ecosyste.ms/api/v1/hosts/GitHub/repositories/NationalSecurityAgency%2Fdatawave-hazelcast-service/manifests,https://repos.ecosyste.ms/api/v1/hosts/GitHub/owners/NationalSecurityAgency,https://codeload.github.com/NationalSecurityAgency/datawave-hazelcast-service/tar.gz/refs/heads/main,README.md,,,,LICENSE,,,,,,,,,,,,,,,,
213710865,NationalSecurityAgency/datawave-authorization-service,NationalSecurityAgency,,False,False,2023-11-22T18:06:33.000Z,283,5,3,18,9,main,2023-11-22T19:26:00.755Z,,['hacktoberfest'],,,Java,True,,,,,apache-2.0,,git,True,https://github.com/NationalSecurityAgency.png,2019-10-08T17:42:28.000Z,2023-11-22T19:26:02.153Z,2023-02-02T20:01:54.302Z,a3c957df-58a1-419d-8da4-7d4d480b269d,https://github.com/NationalSecurityAgency/datawave-authorization-service,[],42.0,,,https://repos.ecosyste.ms/api/v1/hosts/GitHub/repositories/NationalSecurityAgency%2Fdatawave-authorization-service,https://repos.ecosyste.ms/api/v1/hosts/GitHub/repositories/NationalSecurityAgency%2Fdatawave-authorization-service/tags,https://repos.ecosyste.ms/api/v1/hosts/GitHub/repositories/NationalSecurityAgency%2Fdatawave-authorization-service/releases,https://repos.ecosyste.ms/api/v1/hosts/GitHub/repositories/NationalSecurityAgency%2Fdatawave-authorization-service/manifests,https://repos.ecosyste.ms/api/v1/hosts/GitHub/owners/NationalSecurityAgency,https://codeload.github.com/NationalSecurityAgency/datawave-authorization-service/tar.gz/refs/heads/main,README.md,,,,LICENSE,,,,,,,,,,,,,,,,
492392990,NationalSecurityAgency/datawave-spring-boot-starter-metadata,NationalSecurityAgency,,False,False,2023-11-16T15:58:42.000Z,67,1,0,0,5,main,2023-11-16T16:52:12.828Z,,[],,,Java,True,,,,,apache-2.0,,git,True,https://github.com/NationalSecurityAgency.png,2022-05-15T05:09:24.000Z,2023-10-12T18:34:24.000Z,2023-02-15T10:31:57.934Z,3e92ad84-7640-4952-b11c-b9881da926ce,https://github.com/NationalSecurityAgency/datawave-spring-boot-starter-metadata,[],1.0,,,https://repos.ecosyste.ms/api/v1/hosts/GitHub/repositories/NationalSecurityAgency%2Fdatawave-spring-boot-starter-metadata,https://repos.ecosyste.ms/api/v1/hosts/GitHub/repositories/NationalSecurityAgency%2Fdatawave-spring-boot-starter-metadata/tags,https://repos.ecosyste.ms/api/v1/hosts/GitHub/repositories/NationalSecurityAgency%2Fdatawave-spring-boot-starter-metadata/releases,https://repos.ecosyste.ms/api/v1/hosts/GitHub/repositories/NationalSecurityAgency%2Fdatawave-spring-boot-starter-metadata/manifests,https://repos.ecosyste.ms/api/v1/hosts/GitHub/owners/NationalSecurityAgency,https://codeload.github.com/NationalSecurityAgency/datawave-spring-boot-starter-metadata/tar.gz/refs/heads/main,,,,,LICENSE,,,,,,,,,,,,,,,,
213710942,NationalSecurityAgency/datawave-spring-boot-starter-cache,NationalSecurityAgency,,False,False,2023-11-16T15:58:17.000Z,29,3,1,9,10,main,2023-11-16T16:52:08.481Z,,['hacktoberfest'],,,Java,True,,,,,apache-2.0,,git,True,https://github.com/NationalSecurityAgency.png,2019-10-08T17:42:45.000Z,2023-07-20T21:39:07.000Z,2023-02-19T19:25:15.920Z,80f80011-cef8-4c86-a024-7b23605ef14f,https://github.com/NationalSecurityAgency/datawave-spring-boot-starter-cache,[],6.0,,,https://repos.ecosyste.ms/api/v1/hosts/GitHub/repositories/NationalSecurityAgency%2Fdatawave-spring-boot-starter-cache,https://repos.ecosyste.ms/api/v1/hosts/GitHub/repositories/NationalSecurityAgency%2Fdatawave-spring-boot-starter-cache/tags,https://repos.ecosyste.ms/api/v1/hosts/GitHub/repositories/NationalSecurityAgency%2Fdatawave-spring-boot-starter-cache/releases,https://repos.ecosyste.ms/api/v1/hosts/GitHub/repositories/NationalSecurityAgency%2Fdatawave-spring-boot-starter-cache/manifests,https://repos.ecosyste.ms/api/v1/hosts/GitHub/owners/NationalSecurityAgency,https://codeload.github.com/NationalSecurityAgency/datawave-spring-boot-starter-cache/tar.gz/refs/heads/main,README.md,,,,LICENSE,,,,,,,,,,,,,,,,
213710926,NationalSecurityAgency/datawave-service-parent,NationalSecurityAgency,,False,False,2023-11-16T15:54:14.000Z,31,2,1,10,9,main,2023-11-16T16:52:08.476Z,,['hacktoberfest'],,,,True,,,,,apache-2.0,,git,True,https://github.com/NationalSecurityAgency.png,2019-10-08T17:42:42.000Z,2023-08-20T03:15:31.000Z,2023-02-19T19:25:15.880Z,566f98ff-2e78-4d06-9ab2-de97d14c0d4a,https://github.com/NationalSecurityAgency/datawave-service-parent,[],13.0,,,https://repos.ecosyste.ms/api/v1/hosts/GitHub/repositories/NationalSecurityAgency%2Fdatawave-service-parent,https://repos.ecosyste.ms/api/v1/hosts/GitHub/repositories/NationalSecurityAgency%2Fdatawave-service-parent/tags,https://repos.ecosyste.ms/api/v1/hosts/GitHub/repositories/NationalSecurityAgency%2Fdatawave-service-parent/releases,https://repos.ecosyste.ms/api/v1/hosts/GitHub/repositories/NationalSecurityAgency%2Fdatawave-service-parent/manifests,https://repos.ecosyste.ms/api/v1/hosts/GitHub/owners/NationalSecurityAgency,https://codeload.github.com/NationalSecurityAgency/datawave-service-parent/tar.gz/refs/heads/main,README.md,,,,LICENSE,,,,,,,,,,,,,,,,
492393005,NationalSecurityAgency/datawave-modification-service,NationalSecurityAgency,,False,False,2023-11-16T15:55:53.000Z,61,1,0,0,5,main,2023-11-16T16:52:08.224Z,,[],,,,True,,,,,apache-2.0,,git,True,https://github.com/NationalSecurityAgency.png,2022-05-15T05:09:29.000Z,2023-07-20T21:22:32.000Z,2023-01-30T17:31:31.045Z,5d1f2638-ef8f-4e48-94da-839615422b83,https://github.com/NationalSecurityAgency/datawave-modification-service,[],0.0,,,https://repos.ecosyste.ms/api/v1/hosts/GitHub/repositories/NationalSecurityAgency%2Fdatawave-modification-service,https://repos.ecosyste.ms/api/v1/hosts/GitHub/repositories/NationalSecurityAgency%2Fdatawave-modification-service/tags,https://repos.ecosyste.ms/api/v1/hosts/GitHub/repositories/NationalSecurityAgency%2Fdatawave-modification-service/releases,https://repos.ecosyste.ms/api/v1/hosts/GitHub/repositories/NationalSecurityAgency%2Fdatawave-modification-service/manifests,https://repos.ecosyste.ms/api/v1/hosts/GitHub/owners/NationalSecurityAgency,https://codeload.github.com/NationalSecurityAgency/datawave-modification-service/tar.gz/refs/heads/main,README.md,,,,LICENSE,,,,,,,,,,,,,,,,
573229806,NationalSecurityAgency/datawave-mapreduce-query-service,NationalSecurityAgency,,False,False,2023-11-16T15:57:29.000Z,32,1,0,0,5,main,2023-11-16T16:52:06.982Z,,[],,,,True,,,,,apache-2.0,,git,True,https://github.com/NationalSecurityAgency.png,2022-12-02T01:20:12.000Z,2023-11-16T16:52:06.983Z,2023-07-10T05:33:00.356Z,50b8a623-0c70-4c15-aa28-77953cc4ccf2,https://github.com/NationalSecurityAgency/datawave-mapreduce-query-service,[],0.0,,,https://repos.ecosyste.ms/api/v1/hosts/GitHub/repositories/NationalSecurityAgency%2Fdatawave-mapreduce-query-service,https://repos.ecosyste.ms/api/v1/hosts/GitHub/repositories/NationalSecurityAgency%2Fdatawave-mapreduce-query-service/tags,https://repos.ecosyste.ms/api/v1/hosts/GitHub/repositories/NationalSecurityAgency%2Fdatawave-mapreduce-query-service/releases,https://repos.ecosyste.ms/api/v1/hosts/GitHub/repositories/NationalSecurityAgency%2Fdatawave-mapreduce-query-service/manifests,https://repos.ecosyste.ms/api/v1/hosts/GitHub/owners/NationalSecurityAgency,https://codeload.github.com/NationalSecurityAgency/datawave-mapreduce-query-service/tar.gz/refs/heads/main,,,,,LICENSE,,,,,,,,,,,,,,,,
213710885,NationalSecurityAgency/datawave-dictionary-service,NationalSecurityAgency,The Dictionary service provides access to the data dictionary and edge dictionary. These services provide metadata about fields that are stored in Accumulo.,False,False,2023-11-16T15:55:26.000Z,343,10,4,16,10,main,2023-11-16T16:52:06.468Z,,['hacktoberfest'],,,Java,True,,,,,apache-2.0,,git,True,https://github.com/NationalSecurityAgency.png,2019-10-08T17:42:33.000Z,2023-07-20T21:22:51.000Z,2023-01-30T17:30:28.225Z,4a8862cb-b112-47bb-9e74-ef2bc1885208,https://github.com/NationalSecurityAgency/datawave-dictionary-service,[],11.0,,,https://repos.ecosyste.ms/api/v1/hosts/GitHub/repositories/NationalSecurityAgency%2Fdatawave-dictionary-service,https://repos.ecosyste.ms/api/v1/hosts/GitHub/repositories/NationalSecurityAgency%2Fdatawave-dictionary-service/tags,https://repos.ecosyste.ms/api/v1/hosts/GitHub/repositories/NationalSecurityAgency%2Fdatawave-dictionary-service/releases,https://repos.ecosyste.ms/api/v1/hosts/GitHub/repositories/NationalSecurityAgency%2Fdatawave-dictionary-service/manifests,https://repos.ecosyste.ms/api/v1/hosts/GitHub/owners/NationalSecurityAgency,https://codeload.github.com/NationalSecurityAgency/datawave-dictionary-service/tar.gz/refs/heads/main,README.md,,,,LICENSE,,,,,,,,,,,,,,,,
213710917,NationalSecurityAgency/datawave-parent,NationalSecurityAgency,,False,False,2023-11-16T15:54:06.000Z,62,2,1,10,9,main,2023-11-16T16:52:05.956Z,,['hacktoberfest'],,,,True,,,,,apache-2.0,,git,True,https://github.com/NationalSecurityAgency.png,2019-10-08T17:42:40.000Z,2023-07-20T21:49:43.000Z,2023-01-23T12:16:15.922Z,75368499-9efd-499f-995e-7a7444b29128,https://github.com/NationalSecurityAgency/datawave-parent,[],12.0,,,https://repos.ecosyste.ms/api/v1/hosts/GitHub/repositories/NationalSecurityAgency%2Fdatawave-parent,https://repos.ecosyste.ms/api/v1/hosts/GitHub/repositories/NationalSecurityAgency%2Fdatawave-parent/tags,https://repos.ecosyste.ms/api/v1/hosts/GitHub/repositories/NationalSecurityAgency%2Fdatawave-parent/releases,https://repos.ecosyste.ms/api/v1/hosts/GitHub/repositories/NationalSecurityAgency%2Fdatawave-parent/manifests,https://repos.ecosyste.ms/api/v1/hosts/GitHub/owners/NationalSecurityAgency,https://codeload.github.com/NationalSecurityAgency/datawave-parent/tar.gz/refs/heads/main,README.md,,,,LICENSE,,,,,,,,,,,,,,,,
213710915,NationalSecurityAgency/datawave-metrics-reporter,NationalSecurityAgency,,False,False,2023-11-16T15:53:22.000Z,38,2,3,10,9,main,2023-11-16T16:52:05.465Z,,['hacktoberfest'],,,Java,True,,,,,apache-2.0,,git,True,https://github.com/NationalSecurityAgency.png,2019-10-08T17:42:39.000Z,2023-07-20T21:50:16.000Z,2022-08-26T19:50:56.109Z,49ba3a02-e828-4e78-a84c-d30122ff4f45,https://github.com/NationalSecurityAgency/datawave-metrics-reporter,[],5.0,,,https://repos.ecosyste.ms/api/v1/hosts/GitHub/repositories/NationalSecurityAgency%2Fdatawave-metrics-reporter,https://repos.ecosyste.ms/api/v1/hosts/GitHub/repositories/NationalSecurityAgency%2Fdatawave-metrics-reporter/tags,https://repos.ecosyste.ms/api/v1/hosts/GitHub/repositories/NationalSecurityAgency%2Fdatawave-metrics-reporter/releases,https://repos.ecosyste.ms/api/v1/hosts/GitHub/repositories/NationalSecurityAgency%2Fdatawave-metrics-reporter/manifests,https://repos.ecosyste.ms/api/v1/hosts/GitHub/owners/NationalSecurityAgency,https://codeload.github.com/NationalSecurityAgency/datawave-metrics-reporter/tar.gz/refs/heads/main,README.md,,,,LICENSE,,,,,,,,,,,,,,,,
213710842,NationalSecurityAgency/datawave-accumulo-service,NationalSecurityAgency,,False,False,2023-11-16T15:54:23.000Z,211,2,2,10,11,main,2023-11-16T16:52:05.216Z,,['hacktoberfest'],,,Java,True,,,,,apache-2.0,,git,True,https://github.com/NationalSecurityAgency.png,2019-10-08T17:42:22.000Z,2023-08-20T03:15:31.000Z,2023-01-30T17:30:43.383Z,66bc7be1-9842-4be8-aca1-57a07729b558,https://github.com/NationalSecurityAgency/datawave-accumulo-service,[],18.0,,,https://repos.ecosyste.ms/api/v1/hosts/GitHub/repositories/NationalSecurityAgency%2Fdatawave-accumulo-service,https://repos.ecosyste.ms/api/v1/hosts/GitHub/repositories/NationalSecurityAgency%2Fdatawave-accumulo-service/tags,https://repos.ecosyste.ms/api/v1/hosts/GitHub/repositories/NationalSecurityAgency%2Fdatawave-accumulo-service/releases,https://repos.ecosyste.ms/api/v1/hosts/GitHub/repositories/NationalSecurityAgency%2Fdatawave-accumulo-service/manifests,https://repos.ecosyste.ms/api/v1/hosts/GitHub/owners/NationalSecurityAgency,https://codeload.github.com/NationalSecurityAgency/datawave-accumulo-service/tar.gz/refs/heads/main,README.md,,,,LICENSE,,,,,,,,,,,,,,,,
213710602,NationalSecurityAgency/datawave-in-memory-accumulo,NationalSecurityAgency,,False,False,2023-11-16T15:53:12.000Z,145,6,5,12,12,main,2023-11-16T16:52:04.163Z,,['hacktoberfest'],,,Java,True,,,,,apache-2.0,,git,True,https://github.com/NationalSecurityAgency.png,2019-10-08T17:41:12.000Z,2023-10-26T17:37:53.000Z,2023-10-13T03:41:01.220Z,cb502a9f-d551-4708-bf44-0e7b23c1a590,https://github.com/NationalSecurityAgency/datawave-in-memory-accumulo,[],15.0,,,https://repos.ecosyste.ms/api/v1/hosts/GitHub/repositories/NationalSecurityAgency%2Fdatawave-in-memory-accumulo,https://repos.ecosyste.ms/api/v1/hosts/GitHub/repositories/NationalSecurityAgency%2Fdatawave-in-memory-accumulo/tags,https://repos.ecosyste.ms/api/v1/hosts/GitHub/repositories/NationalSecurityAgency%2Fdatawave-in-memory-accumulo/releases,https://repos.ecosyste.ms/api/v1/hosts/GitHub/repositories/NationalSecurityAgency%2Fdatawave-in-memory-accumulo/manifests,https://repos.ecosyste.ms/api/v1/hosts/GitHub/owners/NationalSecurityAgency,https://codeload.github.com/NationalSecurityAgency/datawave-in-memory-accumulo/tar.gz/refs/heads/main,README.md,,,,LICENSE,,,,,,,,,,,,,,,,
213710870,NationalSecurityAgency/datawave-base-rest-responses,NationalSecurityAgency,,False,False,2023-11-16T15:53:01.000Z,114,3,2,11,9,main,2023-11-16T16:52:03.050Z,,['hacktoberfest'],,,Java,True,,,,,apache-2.0,,git,True,https://github.com/NationalSecurityAgency.png,2019-10-08T17:42:29.000Z,2023-07-20T21:50:40.000Z,2023-10-05T15:46:50.667Z,d9497e78-1d7c-42da-9c08-3711fa4578ee,https://github.com/NationalSecurityAgency/datawave-base-rest-responses,[],6.0,,,https://repos.ecosyste.ms/api/v1/hosts/GitHub/repositories/NationalSecurityAgency%2Fdatawave-base-rest-responses,https://repos.ecosyste.ms/api/v1/hosts/GitHub/repositories/NationalSecurityAgency%2Fdatawave-base-rest-responses/tags,https://repos.ecosyste.ms/api/v1/hosts/GitHub/repositories/NationalSecurityAgency%2Fdatawave-base-rest-responses/releases,https://repos.ecosyste.ms/api/v1/hosts/GitHub/repositories/NationalSecurityAgency%2Fdatawave-base-rest-responses/manifests,https://repos.ecosyste.ms/api/v1/hosts/GitHub/owners/NationalSecurityAgency,https://codeload.github.com/NationalSecurityAgency/datawave-base-rest-responses/tar.gz/refs/heads/main,README.md,,,,LICENSE,,,,,,,,,,,,,,,,
125577959,NationalSecurityAgency/qgis-kmltools-plugin,NationalSecurityAgency,Fast KML Import and Export Plugin for QGIS,False,False,2023-11-08T14:53:48.000Z,942,59,3,31,12,master,2023-11-08T15:53:30.125Z,,"['export', 'import', 'kml', 'kmz', 'qgis']",,,Python,True,,,,,gpl-2.0,,git,True,https://github.com/NationalSecurityAgency.png,2018-03-16T22:53:59.000Z,2023-09-28T10:49:03.000Z,2023-02-08T20:00:43.595Z,76e7593b-4638-4842-9068-79c1a64aedc3,https://github.com/NationalSecurityAgency/qgis-kmltools-plugin,[],26.0,,,https://repos.ecosyste.ms/api/v1/hosts/GitHub/repositories/NationalSecurityAgency%2Fqgis-kmltools-plugin,https://repos.ecosyste.ms/api/v1/hosts/GitHub/repositories/NationalSecurityAgency%2Fqgis-kmltools-plugin/tags,https://repos.ecosyste.ms/api/v1/hosts/GitHub/repositories/NationalSecurityAgency%2Fqgis-kmltools-plugin/releases,https://repos.ecosyste.ms/api/v1/hosts/GitHub/repositories/NationalSecurityAgency%2Fqgis-kmltools-plugin/manifests,https://repos.ecosyste.ms/api/v1/hosts/GitHub/owners/NationalSecurityAgency,https://codeload.github.com/NationalSecurityAgency/qgis-kmltools-plugin/tar.gz/refs/heads/master,readme.md,,,,LICENSE,,,,,,,,,,,,,,,,
415082949,NationalSecurityAgency/qgis-earthsunmoon-plugin,NationalSecurityAgency,"QGIS plugin to show the location of the sun, moon, and planets at their zenith for a particular date and time.",False,False,2023-11-08T14:52:26.000Z,52201,22,1,3,6,main,2023-11-08T15:53:14.326Z,,"['azimuth', 'bearing', 'moon', 'planets', 'qgis', 'sun', 'zenith']",,,QML,True,,,,,gpl-2.0,,git,True,https://github.com/NationalSecurityAgency.png,2021-10-08T18:04:04.000Z,2023-10-19T05:06:59.000Z,2023-02-19T19:31:14.152Z,679ed9f3-8129-484f-b688-53ab3dbf7c0b,https://github.com/NationalSecurityAgency/qgis-earthsunmoon-plugin,[],7.0,,,https://repos.ecosyste.ms/api/v1/hosts/GitHub/repositories/NationalSecurityAgency%2Fqgis-earthsunmoon-plugin,https://repos.ecosyste.ms/api/v1/hosts/GitHub/repositories/NationalSecurityAgency%2Fqgis-earthsunmoon-plugin/tags,https://repos.ecosyste.ms/api/v1/hosts/GitHub/repositories/NationalSecurityAgency%2Fqgis-earthsunmoon-plugin/releases,https://repos.ecosyste.ms/api/v1/hosts/GitHub/repositories/NationalSecurityAgency%2Fqgis-earthsunmoon-plugin/manifests,https://repos.ecosyste.ms/api/v1/hosts/GitHub/owners/NationalSecurityAgency,https://codeload.github.com/NationalSecurityAgency/qgis-earthsunmoon-plugin/tar.gz/refs/heads/main,readme.md,,,,LICENSE,,,,,,,,,,,,,,,,
79569392,NationalSecurityAgency/qgis-bulk-nominatim,NationalSecurityAgency,Provides bulk nominatim geocoding for QGIS,False,False,2023-11-08T14:40:27.000Z,369,36,0,22,10,master,2023-11-08T15:48:56.026Z,,[],,,Python,True,,,,,gpl-2.0,,git,True,https://github.com/NationalSecurityAgency.png,2017-01-20T15:12:58.000Z,2023-10-04T23:35:35.000Z,2023-02-19T19:15:53.733Z,24430957-17fc-4c0b-9b4c-162f43f82f47,https://github.com/NationalSecurityAgency/qgis-bulk-nominatim,[],3.0,,,https://repos.ecosyste.ms/api/v1/hosts/GitHub/repositories/NationalSecurityAgency%2Fqgis-bulk-nominatim,https://repos.ecosyste.ms/api/v1/hosts/GitHub/repositories/NationalSecurityAgency%2Fqgis-bulk-nominatim/tags,https://repos.ecosyste.ms/api/v1/hosts/GitHub/repositories/NationalSecurityAgency%2Fqgis-bulk-nominatim/releases,https://repos.ecosyste.ms/api/v1/hosts/GitHub/repositories/NationalSecurityAgency%2Fqgis-bulk-nominatim/manifests,https://repos.ecosyste.ms/api/v1/hosts/GitHub/owners/NationalSecurityAgency,https://codeload.github.com/NationalSecurityAgency/qgis-bulk-nominatim/tar.gz/refs/heads/master,readme.md,,,,LICENSE,,,,,,,,,,,,,,,,
128101452,NationalSecurityAgency/fractalrabbit,NationalSecurityAgency,Simulate realistic trajectory data seen through sporadic reporting,False,False,2023-09-21T18:33:06.000Z,9294,128,0,46,16,master,2023-11-07T18:02:16.433Z,,"['algorithm-analysis', 'probabilistic-models', 'simulation-modeling']",,,Java,True,,,,,apache-2.0,,git,True,https://github.com/NationalSecurityAgency.png,2018-04-04T18:07:04.000Z,2023-09-30T07:03:24.000Z,2022-08-12T03:31:47.114Z,,https://github.com/NationalSecurityAgency/fractalrabbit,[],0.0,,,https://repos.ecosyste.ms/api/v1/hosts/GitHub/repositories/NationalSecurityAgency%2Ffractalrabbit,https://repos.ecosyste.ms/api/v1/hosts/GitHub/repositories/NationalSecurityAgency%2Ffractalrabbit/tags,https://repos.ecosyste.ms/api/v1/hosts/GitHub/repositories/NationalSecurityAgency%2Ffractalrabbit/releases,https://repos.ecosyste.ms/api/v1/hosts/GitHub/repositories/NationalSecurityAgency%2Ffractalrabbit/manifests,https://repos.ecosyste.ms/api/v1/hosts/GitHub/owners/NationalSecurityAgency,https://codeload.github.com/NationalSecurityAgency/fractalrabbit/tar.gz/refs/heads/master,,,,,,,,,,,,,,,,,,,,,
143209991,NationalSecurityAgency/enigma-simulator,NationalSecurityAgency,An educational demonstration of breaking the Enigma machine,False,False,2020-08-14T03:51:23.000Z,21,428,4,81,28,master,2023-11-07T17:55:00.249Z,,[],,,Jupyter Notebook,True,,,,,other,,git,True,https://github.com/NationalSecurityAgency.png,2018-08-01T21:21:56.000Z,2023-11-05T18:49:31.000Z,2022-07-16T01:00:47.699Z,,https://github.com/NationalSecurityAgency/enigma-simulator,[],0.0,,,https://repos.ecosyste.ms/api/v1/hosts/GitHub/repositories/NationalSecurityAgency%2Fenigma-simulator,https://repos.ecosyste.ms/api/v1/hosts/GitHub/repositories/NationalSecurityAgency%2Fenigma-simulator/tags,https://repos.ecosyste.ms/api/v1/hosts/GitHub/repositories/NationalSecurityAgency%2Fenigma-simulator/releases,https://repos.ecosyste.ms/api/v1/hosts/GitHub/repositories/NationalSecurityAgency%2Fenigma-simulator/manifests,https://repos.ecosyste.ms/api/v1/hosts/GitHub/owners/NationalSecurityAgency,https://codeload.github.com/NationalSecurityAgency/enigma-simulator/tar.gz/refs/heads/master,README.md,,,,LICENSE,,,,,,,,,,,,,,,,
64151177,NationalSecurityAgency/lemongrenade,NationalSecurityAgency,Data-driven automation platform,False,False,2023-06-13T22:54:14.000Z,1363,301,10,98,56,master,2023-11-07T17:55:00.179Z,,[],,,Java,True,,,,,other,,git,True,https://github.com/NationalSecurityAgency.png,2016-07-25T16:38:34.000Z,2023-10-19T06:56:46.000Z,2022-08-31T15:41:09.635Z,,https://github.com/NationalSecurityAgency/lemongrenade,[],0.0,,,https://repos.ecosyste.ms/api/v1/hosts/GitHub/repositories/NationalSecurityAgency%2Flemongrenade,https://repos.ecosyste.ms/api/v1/hosts/GitHub/repositories/NationalSecurityAgency%2Flemongrenade/tags,https://repos.ecosyste.ms/api/v1/hosts/GitHub/repositories/NationalSecurityAgency%2Flemongrenade/releases,https://repos.ecosyste.ms/api/v1/hosts/GitHub/repositories/NationalSecurityAgency%2Flemongrenade/manifests,https://repos.ecosyste.ms/api/v1/hosts/GitHub/owners/NationalSecurityAgency,https://codeload.github.com/NationalSecurityAgency/lemongrenade/tar.gz/refs/heads/master,README.md,,,,LICENSE,,,,,,,,,,,,,,,,
138351662,NationalSecurityAgency/nationalsecurityagency.github.io,NationalSecurityAgency,Site for NSA's Open Source project listing,False,False,2023-08-15T03:04:36.000Z,3346,229,2,64,39,main,2023-11-07T17:30:26.717Z,,"['hacktoberfest', 'jekyll']",,https://code.nsa.gov,HTML,True,,,,,apache-2.0,,git,True,https://github.com/NationalSecurityAgency.png,2018-06-22T21:59:40.000Z,2023-10-25T03:00:25.000Z,2023-01-21T20:02:42.709Z,,https://github.com/NationalSecurityAgency/nationalsecurityagency.github.io,[],0.0,,,https://repos.ecosyste.ms/api/v1/hosts/GitHub/repositories/NationalSecurityAgency%2Fnationalsecurityagency.github.io,https://repos.ecosyste.ms/api/v1/hosts/GitHub/repositories/NationalSecurityAgency%2Fnationalsecurityagency.github.io/tags,https://repos.ecosyste.ms/api/v1/hosts/GitHub/repositories/NationalSecurityAgency%2Fnationalsecurityagency.github.io/releases,https://repos.ecosyste.ms/api/v1/hosts/GitHub/repositories/NationalSecurityAgency%2Fnationalsecurityagency.github.io/manifests,https://repos.ecosyste.ms/api/v1/hosts/GitHub/owners/NationalSecurityAgency,https://codeload.github.com/NationalSecurityAgency/nationalsecurityagency.github.io/tar.gz/refs/heads/main,README.md,,,,LICENSE,,,,,,,,,,,,,,,,
242776194,NationalSecurityAgency/skills-docs,NationalSecurityAgency,"SkillTree documentation, covering client integration, dashboard administration and deployment, and contribution guidelines.",False,False,2023-11-03T11:47:32.000Z,136691,39,3,22,6,master,2023-11-03T12:34:20.855Z,,[],,https://SkillTreePlatform.dev,JavaScript,True,,,,,apache-2.0,,git,True,https://github.com/NationalSecurityAgency.png,2020-02-24T15:48:15.000Z,2023-10-27T04:41:08.000Z,2023-09-23T13:20:47.107Z,32886633-4664-4a68-987a-ad8c469daff4,https://github.com/NationalSecurityAgency/skills-docs,[],0.0,,,https://repos.ecosyste.ms/api/v1/hosts/GitHub/repositories/NationalSecurityAgency%2Fskills-docs,https://repos.ecosyste.ms/api/v1/hosts/GitHub/repositories/NationalSecurityAgency%2Fskills-docs/tags,https://repos.ecosyste.ms/api/v1/hosts/GitHub/repositories/NationalSecurityAgency%2Fskills-docs/releases,https://repos.ecosyste.ms/api/v1/hosts/GitHub/repositories/NationalSecurityAgency%2Fskills-docs/manifests,https://repos.ecosyste.ms/api/v1/hosts/GitHub/owners/NationalSecurityAgency,https://codeload.github.com/NationalSecurityAgency/skills-docs/tar.gz/refs/heads/master,README.md,,CONTRIBUTING_IO.md,,LICENSE.txt,,,,,,,,,,,,,,,,
213710847,NationalSecurityAgency/datawave-accumulo-utils,NationalSecurityAgency,,False,False,2023-10-25T19:06:09.000Z,116,4,4,11,9,main,2023-10-25T20:29:22.670Z,,['hacktoberfest'],,,Java,True,,,,,apache-2.0,,git,True,https://github.com/NationalSecurityAgency.png,2019-10-08T17:42:23.000Z,2023-10-25T20:29:25.326Z,2023-02-15T10:31:58.667Z,8fa8268b-7416-4324-99be-9cd3272516c2,https://github.com/NationalSecurityAgency/datawave-accumulo-utils,[],12.0,,,https://repos.ecosyste.ms/api/v1/hosts/GitHub/repositories/NationalSecurityAgency%2Fdatawave-accumulo-utils,https://repos.ecosyste.ms/api/v1/hosts/GitHub/repositories/NationalSecurityAgency%2Fdatawave-accumulo-utils/tags,https://repos.ecosyste.ms/api/v1/hosts/GitHub/repositories/NationalSecurityAgency%2Fdatawave-accumulo-utils/releases,https://repos.ecosyste.ms/api/v1/hosts/GitHub/repositories/NationalSecurityAgency%2Fdatawave-accumulo-utils/manifests,https://repos.ecosyste.ms/api/v1/hosts/GitHub/owners/NationalSecurityAgency,https://codeload.github.com/NationalSecurityAgency/datawave-accumulo-utils/tar.gz/refs/heads/main,README.md,,,,LICENSE,,,,,,,,,,,,,,,,
56245517,NationalSecurityAgency/qgis-latlontools-plugin,NationalSecurityAgency,"QGIS tools to capture and zoom to coordinates using decimal, DMS, WKT, GeoJSON, MGRS, UTM, UPS, GEOREF, ECEF, H3, and Plus Codes notation. Provides external map support, MGRS & Plus Codes conversion and point digitizing tools.",False,False,2023-10-20T12:38:24.000Z,5567,278,1,110,37,master,2023-10-21T12:23:38.441Z,,"['capture', 'dms', 'ecef', 'epsg', 'geohash', 'geojson', 'georef', 'h3', 'latitude', 'longitude', 'mgrs', 'plugin', 'pluscode', 'qgis', 'ups', 'utm', 'wgs84', 'wkt']",,,Python,True,,,,,gpl-2.0,,git,True,https://github.com/NationalSecurityAgency.png,2016-04-14T14:44:03.000Z,2023-11-08T15:53:06.369Z,2023-11-08T15:52:57.295Z,,https://github.com/NationalSecurityAgency/qgis-latlontools-plugin,[],37.0,,,https://repos.ecosyste.ms/api/v1/hosts/GitHub/repositories/NationalSecurityAgency%2Fqgis-latlontools-plugin,https://repos.ecosyste.ms/api/v1/hosts/GitHub/repositories/NationalSecurityAgency%2Fqgis-latlontools-plugin/tags,https://repos.ecosyste.ms/api/v1/hosts/GitHub/repositories/NationalSecurityAgency%2Fqgis-latlontools-plugin/releases,https://repos.ecosyste.ms/api/v1/hosts/GitHub/repositories/NationalSecurityAgency%2Fqgis-latlontools-plugin/manifests,https://repos.ecosyste.ms/api/v1/hosts/GitHub/owners/NationalSecurityAgency,https://codeload.github.com/NationalSecurityAgency/qgis-latlontools-plugin/tar.gz/refs/heads/master,readme.md,,,,LICENSE,,,,,,,,,,,,,,,,
65034998,NationalSecurityAgency/DCP,NationalSecurityAgency,"Digest, stat, and copy files from one location to another in the same read pass",False,False,2019-06-06T00:47:34.000Z,73,325,5,108,44,master,2023-10-20T21:59:18.660Z,,[],,,C,True,,,,,other,,git,True,https://github.com/NationalSecurityAgency.png,2016-08-05T16:56:14.000Z,2023-10-17T22:00:59.000Z,2023-02-19T18:46:14.418Z,,https://github.com/NationalSecurityAgency/DCP,[],0.0,,,https://repos.ecosyste.ms/api/v1/hosts/GitHub/repositories/NationalSecurityAgency%2FDCP,https://repos.ecosyste.ms/api/v1/hosts/GitHub/repositories/NationalSecurityAgency%2FDCP/tags,https://repos.ecosyste.ms/api/v1/hosts/GitHub/repositories/NationalSecurityAgency%2FDCP/releases,https://repos.ecosyste.ms/api/v1/hosts/GitHub/repositories/NationalSecurityAgency%2FDCP/manifests,https://repos.ecosyste.ms/api/v1/hosts/GitHub/owners/NationalSecurityAgency,https://codeload.github.com/NationalSecurityAgency/DCP/tar.gz/refs/heads/master,README,ChangeLog,,,COPYING,,,,,,,,,,,,,,,,
492393001,NationalSecurityAgency/datawave-query-storage-service,NationalSecurityAgency,,False,False,2023-10-20T20:00:58.000Z,466,1,2,0,5,main,2023-10-20T21:20:50.616Z,,[],,,,True,,,,,apache-2.0,,git,True,https://github.com/NationalSecurityAgency.png,2022-05-15T05:09:28.000Z,2023-07-20T21:22:12.000Z,2023-02-15T10:31:57.091Z,54f87c2d-d56c-460f-b77f-a0b97c8e1549,https://github.com/NationalSecurityAgency/datawave-query-storage-service,[],0.0,,,https://repos.ecosyste.ms/api/v1/hosts/GitHub/repositories/NationalSecurityAgency%2Fdatawave-query-storage-service,https://repos.ecosyste.ms/api/v1/hosts/GitHub/repositories/NationalSecurityAgency%2Fdatawave-query-storage-service/tags,https://repos.ecosyste.ms/api/v1/hosts/GitHub/repositories/NationalSecurityAgency%2Fdatawave-query-storage-service/releases,https://repos.ecosyste.ms/api/v1/hosts/GitHub/repositories/NationalSecurityAgency%2Fdatawave-query-storage-service/manifests,https://repos.ecosyste.ms/api/v1/hosts/GitHub/owners/NationalSecurityAgency,https://codeload.github.com/NationalSecurityAgency/datawave-query-storage-service/tar.gz/refs/heads/main,,,,,LICENSE,,,,,,,,,,,,,,,,
501107669,NationalSecurityAgency/qgis-densityanalysis-plugin,NationalSecurityAgency,QGIS vector based density analysis plugin.,False,False,2023-10-19T13:47:30.000Z,2570,12,0,1,7,main,2023-10-19T14:34:25.126Z,,"['analysis', 'density', 'gis', 'plugin', 'qgis']",,,Python,True,,,,,gpl-2.0,,git,True,https://github.com/NationalSecurityAgency.png,2022-06-08T05:07:19.000Z,2023-09-25T13:00:27.000Z,2023-02-18T00:02:09.157Z,2a8ffbda-efe3-4e65-b49a-b576d914e400,https://github.com/NationalSecurityAgency/qgis-densityanalysis-plugin,[],18.0,,,https://repos.ecosyste.ms/api/v1/hosts/GitHub/repositories/NationalSecurityAgency%2Fqgis-densityanalysis-plugin,https://repos.ecosyste.ms/api/v1/hosts/GitHub/repositories/NationalSecurityAgency%2Fqgis-densityanalysis-plugin/tags,https://repos.ecosyste.ms/api/v1/hosts/GitHub/repositories/NationalSecurityAgency%2Fqgis-densityanalysis-plugin/releases,https://repos.ecosyste.ms/api/v1/hosts/GitHub/repositories/NationalSecurityAgency%2Fqgis-densityanalysis-plugin/manifests,https://repos.ecosyste.ms/api/v1/hosts/GitHub/owners/NationalSecurityAgency,https://codeload.github.com/NationalSecurityAgency/qgis-densityanalysis-plugin/tar.gz/refs/heads/main,readme.md,,,,LICENSE,,,,,,,,,,,,,,,,
213710947,NationalSecurityAgency/datawave-type-utils,NationalSecurityAgency,,False,False,2023-10-13T15:23:53.000Z,388,3,5,13,9,main,2023-10-16T11:18:55.477Z,,['hacktoberfest'],,,Java,True,,,,,apache-2.0,,git,True,https://github.com/NationalSecurityAgency.png,2019-10-08T17:42:46.000Z,2023-10-20T13:13:59.004Z,2023-10-05T14:46:43.021Z,42d4b291-3f24-4f15-a4b8-f2eed5e830e7,https://github.com/NationalSecurityAgency/datawave-type-utils,[],20.0,,,https://repos.ecosyste.ms/api/v1/hosts/GitHub/repositories/NationalSecurityAgency%2Fdatawave-type-utils,https://repos.ecosyste.ms/api/v1/hosts/GitHub/repositories/NationalSecurityAgency%2Fdatawave-type-utils/tags,https://repos.ecosyste.ms/api/v1/hosts/GitHub/repositories/NationalSecurityAgency%2Fdatawave-type-utils/releases,https://repos.ecosyste.ms/api/v1/hosts/GitHub/repositories/NationalSecurityAgency%2Fdatawave-type-utils/manifests,https://repos.ecosyste.ms/api/v1/hosts/GitHub/owners/NationalSecurityAgency,https://codeload.github.com/NationalSecurityAgency/datawave-type-utils/tar.gz/refs/heads/main,README.md,,,,LICENSE,,,,,,,,,,,,,,,,
355270235,NationalSecurityAgency/pelz,NationalSecurityAgency,,False,False,2023-09-28T15:51:52.000Z,532,24,3,24,10,main,2023-09-28T18:26:13.112Z,,[],,,C,True,,,,,apache-2.0,,git,True,https://github.com/NationalSecurityAgency.png,2021-04-06T17:11:22.000Z,2023-09-08T18:20:50.000Z,2023-02-17T23:00:54.082Z,bfb52d93-1e89-4f6e-bfa5-25a695245617,https://github.com/NationalSecurityAgency/pelz,[],0.0,,,https://repos.ecosyste.ms/api/v1/hosts/GitHub/repositories/NationalSecurityAgency%2Fpelz,https://repos.ecosyste.ms/api/v1/hosts/GitHub/repositories/NationalSecurityAgency%2Fpelz/tags,https://repos.ecosyste.ms/api/v1/hosts/GitHub/repositories/NationalSecurityAgency%2Fpelz/releases,https://repos.ecosyste.ms/api/v1/hosts/GitHub/repositories/NationalSecurityAgency%2Fpelz/manifests,https://repos.ecosyste.ms/api/v1/hosts/GitHub/owners/NationalSecurityAgency,https://codeload.github.com/NationalSecurityAgency/pelz/tar.gz/refs/heads/main,README.md,,CONTRIBUTING.md,,LICENSE,,,,,,,,,,,,,,,,
684682777,NationalSecurityAgency/ghidra-extensions,NationalSecurityAgency,,False,False,2023-09-19T14:34:50.000Z,29,8,0,0,3,main,2023-09-19T17:10:32.313Z,,[],,,Python,True,,,,,,,git,True,https://github.com/NationalSecurityAgency.png,2023-08-29T16:34:02.000Z,2023-09-12T22:42:10.000Z,2023-09-08T00:11:21.873Z,,https://github.com/NationalSecurityAgency/ghidra-extensions,['nationalsecurityagency/ghidra-extensions'],0.0,,,https://repos.ecosyste.ms/api/v1/hosts/GitHub/repositories/NationalSecurityAgency%2Fghidra-extensions,https://repos.ecosyste.ms/api/v1/hosts/GitHub/repositories/NationalSecurityAgency%2Fghidra-extensions/tags,https://repos.ecosyste.ms/api/v1/hosts/GitHub/repositories/NationalSecurityAgency%2Fghidra-extensions/releases,https://repos.ecosyste.ms/api/v1/hosts/GitHub/repositories/NationalSecurityAgency%2Fghidra-extensions/manifests,https://repos.ecosyste.ms/api/v1/hosts/GitHub/owners/NationalSecurityAgency,https://codeload.github.com/NationalSecurityAgency/ghidra-extensions/tar.gz/refs/heads/main,README.md,,,,,,,,,,,,,,,,,,,,
213710922,NationalSecurityAgency/datawave-microservices-root,NationalSecurityAgency,,False,False,2023-09-08T13:48:36.000Z,170,11,1,20,10,main,2023-09-08T15:12:47.989Z,,['hacktoberfest'],,,Shell,True,,,,,apache-2.0,,git,True,https://github.com/NationalSecurityAgency.png,2019-10-08T17:42:41.000Z,2023-07-20T21:51:50.000Z,2023-02-19T19:35:22.782Z,,https://github.com/NationalSecurityAgency/datawave-microservices-root,[],0.0,,,https://repos.ecosyste.ms/api/v1/hosts/GitHub/repositories/NationalSecurityAgency%2Fdatawave-microservices-root,https://repos.ecosyste.ms/api/v1/hosts/GitHub/repositories/NationalSecurityAgency%2Fdatawave-microservices-root/tags,https://repos.ecosyste.ms/api/v1/hosts/GitHub/repositories/NationalSecurityAgency%2Fdatawave-microservices-root/releases,https://repos.ecosyste.ms/api/v1/hosts/GitHub/repositories/NationalSecurityAgency%2Fdatawave-microservices-root/manifests,https://repos.ecosyste.ms/api/v1/hosts/GitHub/owners/NationalSecurityAgency,https://codeload.github.com/NationalSecurityAgency/datawave-microservices-root/tar.gz/refs/heads/main,README.md,,,,LICENSE,,,,,,,,,,,,,,,,
213710899,NationalSecurityAgency/datawave-utils,NationalSecurityAgency,,False,False,2023-08-15T17:42:12.000Z,29,3,6,12,9,main,2023-08-26T02:25:38.961Z,,['hacktoberfest'],,,Java,True,,,,,apache-2.0,,git,True,https://github.com/NationalSecurityAgency.png,2019-10-08T17:42:36.000Z,2023-08-26T02:25:38.962Z,2022-08-23T02:50:33.792Z,,https://github.com/NationalSecurityAgency/datawave-utils,[],0.0,,,https://repos.ecosyste.ms/api/v1/hosts/GitHub/repositories/NationalSecurityAgency%2Fdatawave-utils,https://repos.ecosyste.ms/api/v1/hosts/GitHub/repositories/NationalSecurityAgency%2Fdatawave-utils/tags,https://repos.ecosyste.ms/api/v1/hosts/GitHub/repositories/NationalSecurityAgency%2Fdatawave-utils/releases,https://repos.ecosyste.ms/api/v1/hosts/GitHub/repositories/NationalSecurityAgency%2Fdatawave-utils/manifests,https://repos.ecosyste.ms/api/v1/hosts/GitHub/owners/NationalSecurityAgency,https://codeload.github.com/NationalSecurityAgency/datawave-utils/tar.gz/refs/heads/main,,,,,LICENSE,,,,,,,,,,,,,,,,
133087574,NationalSecurityAgency/datawave-muchos,NationalSecurityAgency,This project leverages Ansible to automate DataWave deployments on your cluster,False,False,2019-12-12T19:42:14.000Z,71,24,0,34,12,master,2023-08-26T02:25:32.414Z,,"['accumulo', 'ansible', 'datawave', 'hacktoberfest', 'muchos']",,,Shell,True,,,,,apache-2.0,,git,True,https://github.com/NationalSecurityAgency.png,2018-05-11T20:52:20.000Z,2023-07-20T21:52:40.000Z,2023-02-19T19:01:02.464Z,,https://github.com/NationalSecurityAgency/datawave-muchos,[],2.0,,,https://repos.ecosyste.ms/api/v1/hosts/GitHub/repositories/NationalSecurityAgency%2Fdatawave-muchos,https://repos.ecosyste.ms/api/v1/hosts/GitHub/repositories/NationalSecurityAgency%2Fdatawave-muchos/tags,https://repos.ecosyste.ms/api/v1/hosts/GitHub/repositories/NationalSecurityAgency%2Fdatawave-muchos/releases,https://repos.ecosyste.ms/api/v1/hosts/GitHub/repositories/NationalSecurityAgency%2Fdatawave-muchos/manifests,https://repos.ecosyste.ms/api/v1/hosts/GitHub/owners/NationalSecurityAgency,https://codeload.github.com/NationalSecurityAgency/datawave-muchos/tar.gz/refs/heads/master,README.md,,,,LICENSE,,,,,,,,,,,,,,,,
237066758,NationalSecurityAgency/accumulo-python3,NationalSecurityAgency,Build Python 3 applications that integrate with Apache Accumulo,False,False,2023-08-15T20:09:45.000Z,74,24,2,15,11,main,2023-08-16T23:09:40.917Z,,['accumulo'],,,Python,True,,,,,apache-2.0,,git,True,https://github.com/NationalSecurityAgency.png,2020-01-29T19:39:04.000Z,2023-08-15T00:47:36.000Z,2022-09-10T09:12:39.868Z,,https://github.com/NationalSecurityAgency/accumulo-python3,[],1.0,,,https://repos.ecosyste.ms/api/v1/hosts/GitHub/repositories/NationalSecurityAgency%2Faccumulo-python3,https://repos.ecosyste.ms/api/v1/hosts/GitHub/repositories/NationalSecurityAgency%2Faccumulo-python3/tags,https://repos.ecosyste.ms/api/v1/hosts/GitHub/repositories/NationalSecurityAgency%2Faccumulo-python3/releases,https://repos.ecosyste.ms/api/v1/hosts/GitHub/repositories/NationalSecurityAgency%2Faccumulo-python3/manifests,https://repos.ecosyste.ms/api/v1/hosts/GitHub/owners/NationalSecurityAgency,https://codeload.github.com/NationalSecurityAgency/accumulo-python3/tar.gz/refs/heads/main,,,,,,,,,,,,,,,,,,,,,
60210076,NationalSecurityAgency/qgis-searchlayers-plugin,NationalSecurityAgency,Enhanced textual vector layer searching in QGIS.,False,False,2023-08-14T14:58:41.000Z,671,67,2,49,20,master,2023-08-14T15:07:36.212Z,,"['fuzzy', 'fuzzy-search', 'levenshtein', 'qgis', 'search', 'soundex']",,,Python,True,,,,,gpl-2.0,,git,True,https://github.com/NationalSecurityAgency.png,2016-06-01T20:54:08.000Z,2023-10-20T14:45:52.008Z,2022-08-07T05:00:21.639Z,adccf80e-7bea-4653-a4d1-a1ece0363569,https://github.com/NationalSecurityAgency/qgis-searchlayers-plugin,[],11.0,,,https://repos.ecosyste.ms/api/v1/hosts/GitHub/repositories/NationalSecurityAgency%2Fqgis-searchlayers-plugin,https://repos.ecosyste.ms/api/v1/hosts/GitHub/repositories/NationalSecurityAgency%2Fqgis-searchlayers-plugin/tags,https://repos.ecosyste.ms/api/v1/hosts/GitHub/repositories/NationalSecurityAgency%2Fqgis-searchlayers-plugin/releases,https://repos.ecosyste.ms/api/v1/hosts/GitHub/repositories/NationalSecurityAgency%2Fqgis-searchlayers-plugin/manifests,https://repos.ecosyste.ms/api/v1/hosts/GitHub/owners/NationalSecurityAgency,https://codeload.github.com/NationalSecurityAgency/qgis-searchlayers-plugin/tar.gz/refs/heads/master,readme.md,,,,LICENSE,,,,,,,,,,,,,,,,
242783361,NationalSecurityAgency/call-stack-profiler,NationalSecurityAgency,SkillTree,False,False,2022-03-21T14:10:56.000Z,115,20,0,13,4,master,2023-07-28T09:31:35.965Z,,[],,,Groovy,True,,,,,apache-2.0,,git,True,https://github.com/NationalSecurityAgency.png,2020-02-24T16:18:05.000Z,2023-07-20T22:16:26.000Z,2022-09-10T12:40:48.641Z,,https://github.com/NationalSecurityAgency/call-stack-profiler,[],6.0,,,https://repos.ecosyste.ms/api/v1/hosts/GitHub/repositories/NationalSecurityAgency%2Fcall-stack-profiler,https://repos.ecosyste.ms/api/v1/hosts/GitHub/repositories/NationalSecurityAgency%2Fcall-stack-profiler/tags,https://repos.ecosyste.ms/api/v1/hosts/GitHub/repositories/NationalSecurityAgency%2Fcall-stack-profiler/releases,https://repos.ecosyste.ms/api/v1/hosts/GitHub/repositories/NationalSecurityAgency%2Fcall-stack-profiler/manifests,https://repos.ecosyste.ms/api/v1/hosts/GitHub/owners/NationalSecurityAgency,https://codeload.github.com/NationalSecurityAgency/call-stack-profiler/tar.gz/refs/heads/master,,,,,,,,,,,,,,,,,,,,,
610398926,NationalSecurityAgency/maat,NationalSecurityAgency,Maat is a centralized software integrity measurement and attestation (M&A) service,False,False,2023-07-27T13:00:24.000Z,5061,12,0,4,5,develop,2023-07-27T14:24:09.059Z,,[],,,C,True,,,,,other,,git,True,https://github.com/NationalSecurityAgency.png,2023-03-06T17:38:03.000Z,2023-07-20T22:02:30.000Z,,75503daf-3623-46c6-a9e5-bfd93572ac79,https://github.com/NationalSecurityAgency/maat,[],0.0,,,https://repos.ecosyste.ms/api/v1/hosts/GitHub/repositories/NationalSecurityAgency%2Fmaat,https://repos.ecosyste.ms/api/v1/hosts/GitHub/repositories/NationalSecurityAgency%2Fmaat/tags,https://repos.ecosyste.ms/api/v1/hosts/GitHub/repositories/NationalSecurityAgency%2Fmaat/releases,https://repos.ecosyste.ms/api/v1/hosts/GitHub/repositories/NationalSecurityAgency%2Fmaat/manifests,https://repos.ecosyste.ms/api/v1/hosts/GitHub/owners/NationalSecurityAgency,https://codeload.github.com/NationalSecurityAgency/maat/tar.gz/refs/heads/develop,,,,,,,,,,,,,,,,,,,,,
87590916,NationalSecurityAgency/qonduit,NationalSecurityAgency,A WebSocket library for use with Apache Accumulo,False,False,2023-06-15T16:53:15.000Z,119,57,3,46,25,master,2023-06-15T18:31:11.848Z,,"['accumulo', 'java', 'proxy', 'websocket']",,,Java,True,,,,,apache-2.0,,git,True,https://github.com/NationalSecurityAgency.png,2017-04-07T22:14:58.000Z,2023-05-22T22:30:58.000Z,2022-08-07T10:01:27.806Z,,https://github.com/NationalSecurityAgency/qonduit,[],,,,https://repos.ecosyste.ms/api/v1/hosts/GitHub/repositories/NationalSecurityAgency%2Fqonduit,https://repos.ecosyste.ms/api/v1/hosts/GitHub/repositories/NationalSecurityAgency%2Fqonduit/tags,https://repos.ecosyste.ms/api/v1/hosts/GitHub/repositories/NationalSecurityAgency%2Fqonduit/releases,https://repos.ecosyste.ms/api/v1/hosts/GitHub/repositories/NationalSecurityAgency%2Fqonduit/manifests,https://repos.ecosyste.ms/api/v1/hosts/GitHub/owners/NationalSecurityAgency,https://codeload.github.com/NationalSecurityAgency/qonduit/tar.gz/refs/heads/master,,,,,,,,,,,,,,,,,,,,,
238288755,NationalSecurityAgency/XORSATFilter,NationalSecurityAgency,A library for building efficient set-membership filters and dictionaries based on the Satisfiability problem.,False,False,2022-08-04T14:47:26.000Z,59,25,0,16,8,master,2023-04-08T12:03:00.392Z,,"['c', 'dictionary', 'efficient', 'filter', 'satisfiability']",,,C,True,,,,,other,,git,True,https://github.com/NationalSecurityAgency.png,2020-02-04T19:32:12.000Z,2023-04-08T12:03:00.393Z,2022-09-12T12:30:21.280Z,,https://github.com/NationalSecurityAgency/XORSATFilter,[],,,,https://repos.ecosyste.ms/api/v1/hosts/GitHub/repositories/NationalSecurityAgency%2FXORSATFilter,https://repos.ecosyste.ms/api/v1/hosts/GitHub/repositories/NationalSecurityAgency%2FXORSATFilter/tags,https://repos.ecosyste.ms/api/v1/hosts/GitHub/repositories/NationalSecurityAgency%2FXORSATFilter/releases,https://repos.ecosyste.ms/api/v1/hosts/GitHub/repositories/NationalSecurityAgency%2FXORSATFilter/manifests,https://repos.ecosyste.ms/api/v1/hosts/GitHub/owners/NationalSecurityAgency,https://codeload.github.com/NationalSecurityAgency/XORSATFilter/tar.gz/refs/heads/master,,,,,,,,,,,,,,,,,,,,,
246427560,NationalSecurityAgency/qgis-lockzoom-plugin,NationalSecurityAgency,QGIS Lock Zoom to Tile Scale,False,False,2021-02-26T16:38:29.000Z,652,12,0,9,5,master,2023-04-08T12:02:57.811Z,,[],,,Python,True,,,,,gpl-2.0,,git,True,https://github.com/NationalSecurityAgency.png,2020-03-10T23:10:49.000Z,2023-02-19T01:32:52.000Z,2023-02-19T19:15:51.718Z,,https://github.com/NationalSecurityAgency/qgis-lockzoom-plugin,[],,,,https://repos.ecosyste.ms/api/v1/hosts/GitHub/repositories/NationalSecurityAgency%2Fqgis-lockzoom-plugin,https://repos.ecosyste.ms/api/v1/hosts/GitHub/repositories/NationalSecurityAgency%2Fqgis-lockzoom-plugin/tags,https://repos.ecosyste.ms/api/v1/hosts/GitHub/repositories/NationalSecurityAgency%2Fqgis-lockzoom-plugin/releases,https://repos.ecosyste.ms/api/v1/hosts/GitHub/repositories/NationalSecurityAgency%2Fqgis-lockzoom-plugin/manifests,https://repos.ecosyste.ms/api/v1/hosts/GitHub/owners/NationalSecurityAgency,https://codeload.github.com/NationalSecurityAgency/qgis-lockzoom-plugin/tar.gz/refs/heads/master,readme.md,,,,LICENSE,,,,,,,,,,,,,,,,
285841792,NationalSecurityAgency/PACE-python,NationalSecurityAgency,,False,True,2016-12-06T14:10:01.000Z,1323,5,0,6,3,master,2023-04-08T12:02:56.722Z,,[],,,,False,,,,mit-ll/PACE-python,bsd-2-clause,,git,True,https://github.com/NationalSecurityAgency.png,2020-08-07T13:56:56.000Z,2023-03-25T18:29:25.000Z,2023-02-19T18:31:02.166Z,,https://github.com/NationalSecurityAgency/PACE-python,[],,,,https://repos.ecosyste.ms/api/v1/hosts/GitHub/repositories/NationalSecurityAgency%2FPACE-python,https://repos.ecosyste.ms/api/v1/hosts/GitHub/repositories/NationalSecurityAgency%2FPACE-python/tags,https://repos.ecosyste.ms/api/v1/hosts/GitHub/repositories/NationalSecurityAgency%2FPACE-python/releases,https://repos.ecosyste.ms/api/v1/hosts/GitHub/repositories/NationalSecurityAgency%2FPACE-python/manifests,https://repos.ecosyste.ms/api/v1/hosts/GitHub/owners/NationalSecurityAgency,https://codeload.github.com/NationalSecurityAgency/PACE-python/tar.gz/refs/heads/master,README.md,,,,LICENSE.txt,,,,,,,,,,,,,,,,
285841763,NationalSecurityAgency/PACE,NationalSecurityAgency,Proactively-secure Accumulo with Cryptographic Enforcement (PACE) adds client-side encryption and signatures to Accumulo.,False,True,2017-06-05T19:06:14.000Z,3590,7,0,6,2,master,2023-04-08T12:02:56.441Z,,[],,,,False,,,,mit-ll/PACE,apache-2.0,,git,True,https://github.com/NationalSecurityAgency.png,2020-08-07T13:56:47.000Z,2023-01-14T04:21:49.000Z,2023-02-19T18:30:55.241Z,,https://github.com/NationalSecurityAgency/PACE,[],,,,https://repos.ecosyste.ms/api/v1/hosts/GitHub/repositories/NationalSecurityAgency%2FPACE,https://repos.ecosyste.ms/api/v1/hosts/GitHub/repositories/NationalSecurityAgency%2FPACE/tags,https://repos.ecosyste.ms/api/v1/hosts/GitHub/repositories/NationalSecurityAgency%2FPACE/releases,https://repos.ecosyste.ms/api/v1/hosts/GitHub/repositories/NationalSecurityAgency%2FPACE/manifests,https://repos.ecosyste.ms/api/v1/hosts/GitHub/owners/NationalSecurityAgency,https://codeload.github.com/NationalSecurityAgency/PACE/tar.gz/refs/heads/master,README.md,,,,LICENSE,,,,,,,,,,,,,,,,
